family_id,comparison_id,metric_id,dataset_id,comparator_id,seed,median_identity_effect
F1-MAE-ATTRIBUTION,F1-MAE-ATTRIBUTION::D1::full_vs_condition0,hidden_uv_mae,D1,condition0,2026080447,0.0007272941432813623
F1-MAE-ATTRIBUTION,F1-MAE-ATTRIBUTION::D1::full_vs_condition0,hidden_uv_mae,D1,condition0,2026080448,0.002039418586129306
F1-MAE-ATTRIBUTION,F1-MAE-ATTRIBUTION::D1::full_vs_condition0,hidden_uv_mae,D1,condition0,2026080449,0.0011020743575011621
F1-MAE-ATTRIBUTION,F1-MAE-ATTRIBUTION::D1::full_vs_condition0,hidden_uv_mae,D1,condition0,2026080450,0.002213004717235817
F1-MAE-ATTRIBUTION,F1-MAE-ATTRIBUTION::D1::full_vs_condition0,hidden_uv_mae,D1,condition0,2026080451,0.0012888370710248606
F1-MAE-ATTRIBUTION,F1-MAE-ATTRIBUTION::D1::full_vs_b_lite_ft,hidden_uv_mae,D1,b_lite_ft,2026080447,-0.03706823247617802
F1-MAE-ATTRIBUTION,F1-MAE-ATTRIBUTION::D1::full_vs_b_lite_ft,hidden_uv_mae,D1,b_lite_ft,2026080448,-0.030768465630657754
F1-MAE-ATTRIBUTION,F1-MAE-ATTRIBUTION::D1::full_vs_b_lite_ft,hidden_uv_mae,D1,b_lite_ft,2026080449,-0.03479464432262676
F1-MAE-ATTRIBUTION,F1-MAE-ATTRIBUTION::D1::full_vs_b_lite_ft,hidden_uv_mae,D1,b_lite_ft,2026080450,-0.03670841192946829
F1-MAE-ATTRIBUTION,F1-MAE-ATTRIBUTION::D1::full_vs_b_lite_ft,hidden_uv_mae,D1,b_lite_ft,2026080451,-0.03368833254860908
F1-MAE-ATTRIBUTION,F1-MAE-ATTRIBUTION::D2::full_vs_condition0,hidden_uv_mae,D2,condition0,2026080447,-0.005806250973498614
F1-MAE-ATTRIBUTION,F1-MAE-ATTRIBUTION::D2::full_vs_condition0,hidden_uv_mae,D2,condition0,2026080448,0.0017338897500577266
F1-MAE-ATTRIBUTION,F1-MAE-ATTRIBUTION::D2::full_vs_condition0,hidden_uv_mae,D2,condition0,2026080449,0.0013077632214294893
F1-MAE-ATTRIBUTION,F1-MAE-ATTRIBUTION::D2::full_vs_condition0,hidden_uv_mae,D2,condition0,2026080450,0.0009422310993965344
F1-MAE-ATTRIBUTION,F1-MAE-ATTRIBUTION::D2::full_vs_condition0,hidden_uv_mae,D2,condition0,2026080451,-0.003277888399970532
F1-MAE-ATTRIBUTION,F1-MAE-ATTRIBUTION::D2::full_vs_b_lite_ft,hidden_uv_mae,D2,b_lite_ft,2026080447,-0.0047399782368923865
F1-MAE-ATTRIBUTION,F1-MAE-ATTRIBUTION::D2::full_vs_b_lite_ft,hidden_uv_mae,D2,b_lite_ft,2026080448,0.0035066491749471546
F1-MAE-ATTRIBUTION,F1-MAE-ATTRIBUTION::D2::full_vs_b_lite_ft,hidden_uv_mae,D2,b_lite_ft,2026080449,0.016307202455158015
F1-MAE-ATTRIBUTION,F1-MAE-ATTRIBUTION::D2::full_vs_b_lite_ft,hidden_uv_mae,D2,b_lite_ft,2026080450,0.008887493299852143
F1-MAE-ATTRIBUTION,F1-MAE-ATTRIBUTION::D2::full_vs_b_lite_ft,hidden_uv_mae,D2,b_lite_ft,2026080451,0.007870499790316517
F2-MAE-PUBLIC,F2-MAE-PUBLIC::D1::full_vs_freeuv_conserved,hidden_uv_mae,D1,freeuv_conserved,2026080447,0.014301587605859558
F2-MAE-PUBLIC,F2-MAE-PUBLIC::D1::full_vs_freeuv_conserved,hidden_uv_mae,D1,freeuv_conserved,2026080448,0.02107811033235019
F2-MAE-PUBLIC,F2-MAE-PUBLIC::D1::full_vs_freeuv_conserved,hidden_uv_mae,D1,freeuv_conserved,2026080449,0.015444747711453665
F2-MAE-PUBLIC,F2-MAE-PUBLIC::D1::full_vs_freeuv_conserved,hidden_uv_mae,D1,freeuv_conserved,2026080450,0.0178345186549211
F2-MAE-PUBLIC,F2-MAE-PUBLIC::D1::full_vs_freeuv_conserved,hidden_uv_mae,D1,freeuv_conserved,2026080451,0.01468773694084511
F2-MAE-PUBLIC,F2-MAE-PUBLIC::D2::full_vs_freeuv_conserved,hidden_uv_mae,D2,freeuv_conserved,2026080447,0.024917955322414753
F2-MAE-PUBLIC,F2-MAE-PUBLIC::D2::full_vs_freeuv_conserved,hidden_uv_mae,D2,freeuv_conserved,2026080448,0.02844469597953657
F2-MAE-PUBLIC,F2-MAE-PUBLIC::D2::full_vs_freeuv_conserved,hidden_uv_mae,D2,freeuv_conserved,2026080449,0.030832801959106846
F2-MAE-PUBLIC,F2-MAE-PUBLIC::D2::full_vs_freeuv_conserved,hidden_uv_mae,D2,freeuv_conserved,2026080450,0.02833712959015549
F2-MAE-PUBLIC,F2-MAE-PUBLIC::D2::full_vs_freeuv_conserved,hidden_uv_mae,D2,freeuv_conserved,2026080451,0.027654506066286083
F3-LPIPS,F3-LPIPS::D1::full_vs_condition0,lpips_alex_v0_1,D1,condition0,2026080447,-6.913207471370697e-05
F3-LPIPS,F3-LPIPS::D1::full_vs_condition0,lpips_alex_v0_1,D1,condition0,2026080448,-0.00029957573860883713
F3-LPIPS,F3-LPIPS::D1::full_vs_condition0,lpips_alex_v0_1,D1,condition0,2026080449,-3.060139715671539e-05
F3-LPIPS,F3-LPIPS::D1::full_vs_condition0,lpips_alex_v0_1,D1,condition0,2026080450,0.00017573870718479156
F3-LPIPS,F3-LPIPS::D1::full_vs_condition0,lpips_alex_v0_1,D1,condition0,2026080451,2.4393200874328613e-05
F3-LPIPS,F3-LPIPS::D1::full_vs_b_lite_ft,lpips_alex_v0_1,D1,b_lite_ft,2026080447,-0.0038006678223609924
F3-LPIPS,F3-LPIPS::D1::full_vs_b_lite_ft,lpips_alex_v0_1,D1,b_lite_ft,2026080448,-0.003946078009903431
F3-LPIPS,F3-LPIPS::D1::full_vs_b_lite_ft,lpips_alex_v0_1,D1,b_lite_ft,2026080449,-0.0026450566947460175
F3-LPIPS,F3-LPIPS::D1::full_vs_b_lite_ft,lpips_alex_v0_1,D1,b_lite_ft,2026080450,-0.002944542095065117
F3-LPIPS,F3-LPIPS::D1::full_vs_b_lite_ft,lpips_alex_v0_1,D1,b_lite_ft,2026080451,-0.003402421250939369
F3-LPIPS,F3-LPIPS::D1::full_vs_freeuv_conserved,lpips_alex_v0_1,D1,freeuv_conserved,2026080447,-0.0038979612290859222
F3-LPIPS,F3-LPIPS::D1::full_vs_freeuv_conserved,lpips_alex_v0_1,D1,freeuv_conserved,2026080448,-0.0044489167630672455
F3-LPIPS,F3-LPIPS::D1::full_vs_freeuv_conserved,lpips_alex_v0_1,D1,freeuv_conserved,2026080449,-0.0041681984439492226
F3-LPIPS,F3-LPIPS::D1::full_vs_freeuv_conserved,lpips_alex_v0_1,D1,freeuv_conserved,2026080450,-0.003681410104036331
F3-LPIPS,F3-LPIPS::D1::full_vs_freeuv_conserved,lpips_alex_v0_1,D1,freeuv_conserved,2026080451,-0.004589971154928207
F3-LPIPS,F3-LPIPS::D2::full_vs_condition0,lpips_alex_v0_1,D2,condition0,2026080447,9.454786777496338e-06
F3-LPIPS,F3-LPIPS::D2::full_vs_condition0,lpips_alex_v0_1,D2,condition0,2026080448,-0.00012510456144809723
F3-LPIPS,F3-LPIPS::D2::full_vs_condition0,lpips_alex_v0_1,D2,condition0,2026080449,6.11916184425354e-05
F3-LPIPS,F3-LPIPS::D2::full_vs_condition0,lpips_alex_v0_1,D2,condition0,2026080450,-4.344247281551361e-05
F3-LPIPS,F3-LPIPS::D2::full_vs_condition0,lpips_alex_v0_1,D2,condition0,2026080451,-6.626732647418976e-05
F3-LPIPS,F3-LPIPS::D2::full_vs_b_lite_ft,lpips_alex_v0_1,D2,b_lite_ft,2026080447,1.6955658793449402e-05
F3-LPIPS,F3-LPIPS::D2::full_vs_b_lite_ft,lpips_alex_v0_1,D2,b_lite_ft,2026080448,-7.931143045425415e-05
F3-LPIPS,F3-LPIPS::D2::full_vs_b_lite_ft,lpips_alex_v0_1,D2,b_lite_ft,2026080449,0.00011175684630870819
F3-LPIPS,F3-LPIPS::D2::full_vs_b_lite_ft,lpips_alex_v0_1,D2,b_lite_ft,2026080450,9.569525718688965e-05
F3-LPIPS,F3-LPIPS::D2::full_vs_b_lite_ft,lpips_alex_v0_1,D2,b_lite_ft,2026080451,-1.1377036571502686e-05
F3-LPIPS,F3-LPIPS::D2::full_vs_freeuv_conserved,lpips_alex_v0_1,D2,freeuv_conserved,2026080447,-0.0009692329913377762
F3-LPIPS,F3-LPIPS::D2::full_vs_freeuv_conserved,lpips_alex_v0_1,D2,freeuv_conserved,2026080448,-0.001100495457649231
F3-LPIPS,F3-LPIPS::D2::full_vs_freeuv_conserved,lpips_alex_v0_1,D2,freeuv_conserved,2026080449,-0.0008116867393255234
F3-LPIPS,F3-LPIPS::D2::full_vs_freeuv_conserved,lpips_alex_v0_1,D2,freeuv_conserved,2026080450,-0.0008789077401161194
F3-LPIPS,F3-LPIPS::D2::full_vs_freeuv_conserved,lpips_alex_v0_1,D2,freeuv_conserved,2026080451,-0.0009752567857503891
F4-SFACE,F4-SFACE::D1::full_vs_condition0,sface_source_to_render_cosine,D1,condition0,2026080447,-0.0001717348924915596
F4-SFACE,F4-SFACE::D1::full_vs_condition0,sface_source_to_render_cosine,D1,condition0,2026080448,-2.307398325374077e-05
F4-SFACE,F4-SFACE::D1::full_vs_condition0,sface_source_to_render_cosine,D1,condition0,2026080449,0.0003000675000761066
F4-SFACE,F4-SFACE::D1::full_vs_condition0,sface_source_to_render_cosine,D1,condition0,2026080450,0.00032758646273822745
F4-SFACE,F4-SFACE::D1::full_vs_condition0,sface_source_to_render_cosine,D1,condition0,2026080451,3.109770248205246e-05
F4-SFACE,F4-SFACE::D1::full_vs_b_lite_ft,sface_source_to_render_cosine,D1,b_lite_ft,2026080447,-0.0013138415062385889
F4-SFACE,F4-SFACE::D1::full_vs_b_lite_ft,sface_source_to_render_cosine,D1,b_lite_ft,2026080448,-0.002681801794524319
F4-SFACE,F4-SFACE::D1::full_vs_b_lite_ft,sface_source_to_render_cosine,D1,b_lite_ft,2026080449,-0.00016712010822084178
F4-SFACE,F4-SFACE::D1::full_vs_b_lite_ft,sface_source_to_render_cosine,D1,b_lite_ft,2026080450,-0.00241178425784061
F4-SFACE,F4-SFACE::D1::full_vs_b_lite_ft,sface_source_to_render_cosine,D1,b_lite_ft,2026080451,0.00033040172440801374
F4-SFACE,F4-SFACE::D1::full_vs_freeuv_conserved,sface_source_to_render_cosine,D1,freeuv_conserved,2026080447,0.004545007097795595
F4-SFACE,F4-SFACE::D1::full_vs_freeuv_conserved,sface_source_to_render_cosine,D1,freeuv_conserved,2026080448,0.004037635796506012
F4-SFACE,F4-SFACE::D1::full_vs_freeuv_conserved,sface_source_to_render_cosine,D1,freeuv_conserved,2026080449,0.006139067692252531
F4-SFACE,F4-SFACE::D1::full_vs_freeuv_conserved,sface_source_to_render_cosine,D1,freeuv_conserved,2026080450,0.004054852998865488
F4-SFACE,F4-SFACE::D1::full_vs_freeuv_conserved,sface_source_to_render_cosine,D1,freeuv_conserved,2026080451,0.004486947622212967
F4-SFACE,F4-SFACE::D2::full_vs_condition0,sface_source_to_render_cosine,D2,condition0,2026080447,1.7707611078859875e-05
F4-SFACE,F4-SFACE::D2::full_vs_condition0,sface_source_to_render_cosine,D2,condition0,2026080448,0.0002503365004322411
F4-SFACE,F4-SFACE::D2::full_vs_condition0,sface_source_to_render_cosine,D2,condition0,2026080449,-1.8956799353070375e-05
F4-SFACE,F4-SFACE::D2::full_vs_condition0,sface_source_to_render_cosine,D2,condition0,2026080450,-2.252356019566415e-05
F4-SFACE,F4-SFACE::D2::full_vs_condition0,sface_source_to_render_cosine,D2,condition0,2026080451,8.793563570763663e-05
F4-SFACE,F4-SFACE::D2::full_vs_b_lite_ft,sface_source_to_render_cosine,D2,b_lite_ft,2026080447,3.080000996338872e-05
F4-SFACE,F4-SFACE::D2::full_vs_b_lite_ft,sface_source_to_render_cosine,D2,b_lite_ft,2026080448,0.00030042653866241276
F4-SFACE,F4-SFACE::D2::full_vs_b_lite_ft,sface_source_to_render_cosine,D2,b_lite_ft,2026080449,0.0003954327359409482
F4-SFACE,F4-SFACE::D2::full_vs_b_lite_ft,sface_source_to_render_cosine,D2,b_lite_ft,2026080450,0.000307215808785094
F4-SFACE,F4-SFACE::D2::full_vs_b_lite_ft,sface_source_to_render_cosine,D2,b_lite_ft,2026080451,0.00018663287634501646
F4-SFACE,F4-SFACE::D2::full_vs_freeuv_conserved,sface_source_to_render_cosine,D2,freeuv_conserved,2026080447,0.0016169093156625514
F4-SFACE,F4-SFACE::D2::full_vs_freeuv_conserved,sface_source_to_render_cosine,D2,freeuv_conserved,2026080448,0.001959955875423386
F4-SFACE,F4-SFACE::D2::full_vs_freeuv_conserved,sface_source_to_render_cosine,D2,freeuv_conserved,2026080449,0.0017948045190251671
F4-SFACE,F4-SFACE::D2::full_vs_freeuv_conserved,sface_source_to_render_cosine,D2,freeuv_conserved,2026080450,0.001374781266977182
F4-SFACE,F4-SFACE::D2::full_vs_freeuv_conserved,sface_source_to_render_cosine,D2,freeuv_conserved,2026080451,0.0015160347177914368
