dataset_id,metric_id,analysis_status,support_threshold_texels,comparison_id,comparator_id,identity_token,retained_pair_count,identity_effect,identity_effect_8bit_rgb,identity_relative_effect,identity_relative_effect_percent,seed_2026080447,seed_2026080448,seed_2026080449,seed_2026080450,seed_2026080451
D1,hidden_uv_mae,EXPLORATORY_SUPPORT_SENSITIVITY_NO_NEW_TEST,1,F1-MAE-ATTRIBUTION::D1::full_vs_condition0,condition0,D1-I001,8,0.0018835157345704484,0.48029651231546433,0.013792688147099146,1.3792688147099146,0.0018835157345704484,-0.0065221836081116175,0.008483544125941475,0.009401352422601955,-0.0007754388998012784
D1,hidden_uv_mae,EXPLORATORY_SUPPORT_SENSITIVITY_NO_NEW_TEST,1,F1-MAE-ATTRIBUTION::D1::full_vs_condition0,condition0,D1-I002,8,-0.00032397770822079064,-0.08261431559630161,-0.002118073256849079,-0.21180732568490793,-0.00032397770822079064,-0.005913818634494597,-0.00010244762783663541,0.0021302157510367653,-0.007829821010182828
D1,hidden_uv_mae,EXPLORATORY_SUPPORT_SENSITIVITY_NO_NEW_TEST,1,F1-MAE-ATTRIBUTION::D1::full_vs_condition0,condition0,D1-I003,8,0.001746241422662942,0.4452915627790502,0.008066384475505404,0.8066384475505404,-0.0015081269123281005,0.001746241422662942,0.013656158850666691,-0.005549207081397389,0.00684753353758745
D1,hidden_uv_mae,EXPLORATORY_SUPPORT_SENSITIVITY_NO_NEW_TEST,1,F1-MAE-ATTRIBUTION::D1::full_vs_condition0,condition0,D1-I004,8,-0.0028427194747509335,-0.7248934660614881,-0.022044008606339108,-2.204400860633911,-0.0028427194747509335,0.006582188894638109,-0.0069278030561533074,-0.008736825948681234,0.0024254015297938067
D1,hidden_uv_mae,EXPLORATORY_SUPPORT_SENSITIVITY_NO_NEW_TEST,1,F1-MAE-ATTRIBUTION::D1::full_vs_condition0,condition0,D1-I005,8,-0.0022731103983151812,-0.5796431515703713,-0.0184729254174925,-1.84729254174925,-0.0022731103983151812,0.004020798307073928,-0.009476045288777338,-0.0028801496746553717,0.006665475606918339
D1,hidden_uv_mae,EXPLORATORY_SUPPORT_SENSITIVITY_NO_NEW_TEST,1,F1-MAE-ATTRIBUTION::D1::full_vs_condition0,condition0,D1-I006,8,0.0011553207816450417,0.29460679931948563,0.007046305487755796,0.7046305487755796,-0.0017507655524133386,0.005415063097867823,0.0030870391784516837,-0.0070694596326669745,0.0011553207816450417
D1,hidden_uv_mae,EXPLORATORY_SUPPORT_SENSITIVITY_NO_NEW_TEST,1,F1-MAE-ATTRIBUTION::D1::full_vs_condition0,condition0,D1-I007,8,-0.0035512009538756634,-0.9055562432382942,-0.02556485068200236,-2.556485068200236,0.0018021805154297132,-0.0038422193450898673,-0.0035512009538756634,-0.009123618206609799,-0.001278371394083308
D1,hidden_uv_mae,EXPLORATORY_SUPPORT_SENSITIVITY_NO_NEW_TEST,1,F1-MAE-ATTRIBUTION::D1::full_vs_condition0,condition0,D1-I008,8,0.00490840908252832,1.2516443160447217,0.029599620097944705,2.9599620097944705,0.003911935358462348,0.0027532274922262706,0.00490840908252832,0.00838083545407707,0.008614211236564528
D1,hidden_uv_mae,EXPLORATORY_SUPPORT_SENSITIVITY_NO_NEW_TEST,1,F1-MAE-ATTRIBUTION::D1::full_vs_condition0,condition0,D1-I009,8,0.0022957936834348686,0.5854273892758914,0.013846134828613367,1.3846134828613366,0.003313580969130092,-0.004202512488741511,0.005499139284005486,0.0022957936834348686,-0.006261639030459537
D1,hidden_uv_mae,EXPLORATORY_SUPPORT_SENSITIVITY_NO_NEW_TEST,1,F1-MAE-ATTRIBUTION::D1::full_vs_condition0,condition0,D1-I010,8,0.0002390149473584513,0.06094881157640508,0.0017704297130305556,0.17704297130305557,-0.014943406055758245,0.002199047695224471,-0.004625771452800902,0.0002390149473584513,0.005376341547407862
D1,hidden_uv_mae,EXPLORATORY_SUPPORT_SENSITIVITY_NO_NEW_TEST,1,F1-MAE-ATTRIBUTION::D1::full_vs_condition0,condition0,D1-I011,6,-0.0035722049747657497,-0.9109122685652662,-0.018209392559308913,-1.8209392559308912,-0.007498371169950044,0.0018797894770341411,-0.005086922086822737,0.002325045421493782,-0.0035722049747657497
D1,hidden_uv_mae,EXPLORATORY_SUPPORT_SENSITIVITY_NO_NEW_TEST,1,F1-MAE-ATTRIBUTION::D1::full_vs_condition0,condition0,D1-I012,4,0.005691434963086189,1.4513159155869784,0.032542479156756766,3.2542479156756765,-0.00040543109514351583,0.0006834538080991576,0.005691434963086189,0.00803500006854277,0.006427553815372064
D1,hidden_uv_mae,EXPLORATORY_SUPPORT_SENSITIVITY_NO_NEW_TEST,1,F1-MAE-ATTRIBUTION::D1::full_vs_condition0,condition0,D1-I013,4,0.010126564447723682,2.582273934169539,0.04864088110356188,4.864088110356188,0.010126564447723682,0.013400091682088833,-0.006280811061748312,0.028001323657459914,-0.018697681315402448
D1,hidden_uv_mae,EXPLORATORY_SUPPORT_SENSITIVITY_NO_NEW_TEST,1,F1-MAE-ATTRIBUTION::D1::full_vs_condition0,condition0,D1-I014,8,0.002065108587094723,0.5266026897091544,0.019563979552775997,1.9563979552775996,0.0010184777154845087,0.002556710345932557,0.003693289602873885,0.002065108587094723,-0.0032534060269053602
D1,hidden_uv_mae,EXPLORATORY_SUPPORT_SENSITIVITY_NO_NEW_TEST,1,F1-MAE-ATTRIBUTION::D1::full_vs_condition0,condition0,D1-I015,8,0.001261756050648169,0.3217477929152831,0.006487405046760233,0.6487405046760233,0.0063107918138419344,0.001261756050648169,-0.010011618266418096,-0.0006409724176462406,0.006009211767797645
D1,hidden_uv_mae,EXPLORATORY_SUPPORT_SENSITIVITY_NO_NEW_TEST,1,F1-MAE-ATTRIBUTION::D1::full_vs_condition0,condition0,D1-I016,8,0.0035227297031017596,0.8982960742909487,0.02131941411445725,2.131941411445725,0.0035227297031017596,0.004068707289989176,-0.006395459500171702,0.004356173583955486,0.002970659678559723
D1,hidden_uv_mae,EXPLORATORY_SUPPORT_SENSITIVITY_NO_NEW_TEST,1,F1-MAE-ATTRIBUTION::D1::full_vs_condition0,condition0,D1-I017,6,-0.0021311055277254687,-0.5434319095699945,-0.009437154588311108,-0.9437154588311107,0.010693088605930073,-0.00254806984145399,-0.0021311055277254687,-0.00650543156813406,0.00654337244328633
D1,hidden_uv_mae,EXPLORATORY_SUPPORT_SENSITIVITY_NO_NEW_TEST,1,F1-MAE-ATTRIBUTION::D1::full_vs_condition0,condition0,D1-I018,8,0.002360554734865815,0.6019414573907828,0.01449833178035771,1.449833178035771,0.00043611057107821594,0.004863073440909818,0.007549035903953366,0.002360554734865815,0.00021504338596946282
D1,hidden_uv_mae,EXPLORATORY_SUPPORT_SENSITIVITY_NO_NEW_TEST,1,F1-MAE-ATTRIBUTION::D1::full_vs_condition0,condition0,D1-I019,8,0.005582698078749178,1.4235880100810403,0.038428752257448365,3.8428752257448364,0.010236900366045715,0.005582698078749178,0.0024917385240016965,0.00610535122192922,0.0014223533604046795
D1,hidden_uv_mae,EXPLORATORY_SUPPORT_SENSITIVITY_NO_NEW_TEST,1,F1-MAE-ATTRIBUTION::D1::full_vs_condition0,condition0,D1-I020,8,-0.003234142794225514,-0.8247064125275061,-0.024993126810041243,-2.4993126810041244,-0.009726589201086787,-0.003234142794225514,0.0023065963428389596,0.002413115209827732,-0.003609042688086213
D1,hidden_uv_mae,EXPLORATORY_SUPPORT_SENSITIVITY_NO_NEW_TEST,1,F1-MAE-ATTRIBUTION::D1::full_vs_b_lite_ft,b_lite_ft,D1-I001,8,-0.04072970203736034,-10.386074019526886,-0.454340873165869,-45.434087316586904,-0.039339618583217384,-0.03473844572982312,-0.049785547375771594,-0.04760926601935237,-0.04072970203736034
D1,hidden_uv_mae,EXPLORATORY_SUPPORT_SENSITIVITY_NO_NEW_TEST,1,F1-MAE-ATTRIBUTION::D1::full_vs_b_lite_ft,b_lite_ft,D1-I002,8,-0.05368405418040495,-13.689433816003262,-0.5442659242122015,-54.42659242122016,-0.05877551498343096,-0.051440272707906035,-0.05368405418040495,-0.05315865114161913,-0.055783755704760546
D1,hidden_uv_mae,EXPLORATORY_SUPPORT_SENSITIVITY_NO_NEW_TEST,1,F1-MAE-ATTRIBUTION::D1::full_vs_b_lite_ft,b_lite_ft,D1-I003,8,-0.007561432572562005,-1.9281653060033113,-0.034183078822112835,-3.4183078822112836,-0.007561432572562005,-0.009924666657340986,-0.007059981124366843,-0.013896877345229902,-0.002072563105159339
D1,hidden_uv_mae,EXPLORATORY_SUPPORT_SENSITIVITY_NO_NEW_TEST,1,F1-MAE-ATTRIBUTION::D1::full_vs_b_lite_ft,b_lite_ft,D1-I004,8,-0.039477003504353105,-10.06663589361004,-0.4855097196260115,-48.55097196260115,-0.0449080719015452,-0.039477003504353105,-0.03675573920444831,-0.045448839937768916,-0.033084612802170954
D1,hidden_uv_mae,EXPLORATORY_SUPPORT_SENSITIVITY_NO_NEW_TEST,1,F1-MAE-ATTRIBUTION::D1::full_vs_b_lite_ft,b_lite_ft,D1-I005,8,-0.0499236684053814,-12.730535443372258,-0.687555172687052,-68.7555172687052,-0.05287842650930371,-0.0499236684053814,-0.05219539590174471,-0.04042242663301653,-0.04233089002829039
D1,hidden_uv_mae,EXPLORATORY_SUPPORT_SENSITIVITY_NO_NEW_TEST,1,F1-MAE-ATTRIBUTION::D1::full_vs_b_lite_ft,b_lite_ft,D1-I006,8,-0.03495743855061555,-8.914146830406965,-0.2822842058663378,-28.228420586633778,-0.03495743855061555,-0.025786425799122846,-0.04633714221933226,-0.03698902437237918,-0.028479662284885764
D1,hidden_uv_mae,EXPLORATORY_SUPPORT_SENSITIVITY_NO_NEW_TEST,1,F1-MAE-ATTRIBUTION::D1::full_vs_b_lite_ft,b_lite_ft,D1-I007,8,-0.01741134836155106,-4.43989383219552,-0.13816466297420996,-13.816466297420996,-0.01741134836155106,-0.03085846221154768,-0.01518002820957421,-0.02491743719692758,-0.01674899499778368
D1,hidden_uv_mae,EXPLORATORY_SUPPORT_SENSITIVITY_NO_NEW_TEST,1,F1-MAE-ATTRIBUTION::D1::full_vs_b_lite_ft,b_lite_ft,D1-I008,8,-0.04680745270284597,-11.935900439225723,-0.39182285431069847,-39.18228543106984,-0.04680745270284597,-0.040854043473939367,-0.051059169590805906,-0.04959581267887912,-0.037743724065285894
D1,hidden_uv_mae,EXPLORATORY_SUPPORT_SENSITIVITY_NO_NEW_TEST,1,F1-MAE-ATTRIBUTION::D1::full_vs_b_lite_ft,b_lite_ft,D1-I009,8,0.0012189273499424308,0.31082647423531984,0.007565635230747527,0.7565635230747527,0.0007072831331579738,0.007635177490041389,-0.005226036346463292,0.0012189273499424308,0.008777552255555793
D1,hidden_uv_mae,EXPLORATORY_SUPPORT_SENSITIVITY_NO_NEW_TEST,1,F1-MAE-ATTRIBUTION::D1::full_vs_b_lite_ft,b_lite_ft,D1-I010,8,-0.03429205229504721,-8.74447333523704,-0.29233483018146234,-29.233483018146234,-0.039179026401740494,-0.03067846904976783,-0.03258101215387135,-0.036427799486557395,-0.03429205229504721
D1,hidden_uv_mae,EXPLORATORY_SUPPORT_SENSITIVITY_NO_NEW_TEST,1,F1-MAE-ATTRIBUTION::D1::full_vs_b_lite_ft,b_lite_ft,D1-I011,6,-0.03950154733537558,-10.072894570520774,-0.24207717535060663,-24.207717535060663,-0.03950154733537558,-0.018954180425856823,-0.04136892679160151,-0.027767883309039065,-0.04739738926216207
D1,hidden_uv_mae,EXPLORATORY_SUPPORT_SENSITIVITY_NO_NEW_TEST,1,F1-MAE-ATTRIBUTION::D1::full_vs_b_lite_ft,b_lite_ft,D1-I012,4,-0.013922167327785576,-3.550152668585322,-0.08123331668790014,-8.123331668790014,0.0003446314203324752,-0.024175849426026033,-0.013922167327785576,-0.017557405954906152,-0.00499726193195793
D1,hidden_uv_mae,EXPLORATORY_SUPPORT_SENSITIVITY_NO_NEW_TEST,1,F1-MAE-ATTRIBUTION::D1::full_vs_b_lite_ft,b_lite_ft,D1-I013,4,-0.02536538209510493,-6.468172434251757,-0.14698083246386837,-14.698083246386837,-0.031856522704355225,-0.014235744562773558,-0.02466904040535582,-0.03173456041752791,-0.02536538209510493
D1,hidden_uv_mae,EXPLORATORY_SUPPORT_SENSITIVITY_NO_NEW_TEST,1,F1-MAE-ATTRIBUTION::D1::full_vs_b_lite_ft,b_lite_ft,D1-I014,8,-0.05695646299828144,-14.523898064561768,-1.032337227645275,-103.23372276452749,-0.05872157823669168,-0.05695646299828144,-0.049270655047674035,-0.04900504763965019,-0.06018528655330549
D1,hidden_uv_mae,EXPLORATORY_SUPPORT_SENSITIVITY_NO_NEW_TEST,1,F1-MAE-ATTRIBUTION::D1::full_vs_b_lite_ft,b_lite_ft,D1-I015,8,-0.049193693504602926,-12.544391843673745,-0.3417390651501545,-34.17390651501545,-0.04973773277582384,-0.04671379869948031,-0.042831696171551845,-0.04975738521173022,-0.049193693504602926
D1,hidden_uv_mae,EXPLORATORY_SUPPORT_SENSITIVITY_NO_NEW_TEST,1,F1-MAE-ATTRIBUTION::D1::full_vs_b_lite_ft,b_lite_ft,D1-I016,8,-0.05029972083142677,-12.826428812013825,-0.4544764742933058,-45.44764742933058,-0.053534282483196916,-0.04946366205819154,-0.053358006980754664,-0.04178494444856072,-0.05029972083142677
D1,hidden_uv_mae,EXPLORATORY_SUPPORT_SENSITIVITY_NO_NEW_TEST,1,F1-MAE-ATTRIBUTION::D1::full_vs_b_lite_ft,b_lite_ft,D1-I017,6,-0.024317505250694926,-6.200963838927207,-0.11342027597493654,-11.342027597493654,-0.018709483282965803,-0.01675089509273417,-0.028301139337697415,-0.032016059661265264,-0.024317505250694926
D1,hidden_uv_mae,EXPLORATORY_SUPPORT_SENSITIVITY_NO_NEW_TEST,1,F1-MAE-ATTRIBUTION::D1::full_vs_b_lite_ft,b_lite_ft,D1-I018,8,-0.0328335494408052,-8.372555107405326,-0.22334761952140747,-22.334761952140745,-0.01576441158786481,-0.025326827111698327,-0.0328335494408052,-0.042327033294722385,-0.03660618307002528
D1,hidden_uv_mae,EXPLORATORY_SUPPORT_SENSITIVITY_NO_NEW_TEST,1,F1-MAE-ATTRIBUTION::D1::full_vs_b_lite_ft,b_lite_ft,D1-I019,8,-0.02019836843487105,-5.150583950892118,-0.19172936040568092,-19.172936040568093,-0.02019836843487105,-0.017806458851331385,-0.017751169188150832,-0.023670750855554798,-0.023996302757366278
D1,hidden_uv_mae,EXPLORATORY_SUPPORT_SENSITIVITY_NO_NEW_TEST,1,F1-MAE-ATTRIBUTION::D1::full_vs_b_lite_ft,b_lite_ft,D1-I020,8,-0.03043793454160995,-7.761673308110537,-0.3288258087166355,-32.88258087166355,-0.03043793454160995,-0.04834237523475342,-0.029047510728231356,-0.02088183479604598,-0.030810060156014306
D1,hidden_uv_mae,EXPLORATORY_SUPPORT_SENSITIVITY_NO_NEW_TEST,1,F2-MAE-PUBLIC::D1::full_vs_freeuv_conserved,freeuv_conserved,D1-I001,8,-0.017029500415918247,-4.342522606059153,-0.14635361494288895,-14.635361494288896,-0.02245180165788871,-0.017029500415918247,-0.01619764886056193,-0.02503871139836312,-0.008665531437697646
D1,hidden_uv_mae,EXPLORATORY_SUPPORT_SENSITIVITY_NO_NEW_TEST,1,F2-MAE-PUBLIC::D1::full_vs_freeuv_conserved,freeuv_conserved,D1-I002,8,0.029419538486255656,7.501982313995192,0.15703984289195458,15.703984289195457,0.02913242406337338,0.032234290849484176,0.029556366574425924,0.027304633041811383,0.029419538486255656
D1,hidden_uv_mae,EXPLORATORY_SUPPORT_SENSITIVITY_NO_NEW_TEST,1,F2-MAE-PUBLIC::D1::full_vs_freeuv_conserved,freeuv_conserved,D1-I003,8,-0.006088352169714831,-1.5525298032772819,-0.025050824886220572,-2.5050824886220573,0.002890747475816288,-0.006088352169714831,-0.016731303103391895,-0.010217574657971823,-0.000489681701427741
D1,hidden_uv_mae,EXPLORATORY_SUPPORT_SENSITIVITY_NO_NEW_TEST,1,F2-MAE-PUBLIC::D1::full_vs_freeuv_conserved,freeuv_conserved,D1-I004,8,0.00671434103960384,1.7121569650989792,0.05341416496285886,5.341416496285886,0.0069260194001982064,-0.002316345315870841,0.0030851043195419536,0.00671434103960384,0.010453135738234427
D1,hidden_uv_mae,EXPLORATORY_SUPPORT_SENSITIVITY_NO_NEW_TEST,1,F2-MAE-PUBLIC::D1::full_vs_freeuv_conserved,freeuv_conserved,D1-I005,8,-0.010623767284921898,-2.7090606576550837,-0.0933334437796934,-9.33334437796934,-0.01618538066536205,-0.016245613004536315,-0.010066061006986232,-0.010623767284921898,-0.004222168862463037
D1,hidden_uv_mae,EXPLORATORY_SUPPORT_SENSITIVITY_NO_NEW_TEST,1,F2-MAE-PUBLIC::D1::full_vs_freeuv_conserved,freeuv_conserved,D1-I006,8,0.059068465157868094,15.062458615256364,0.27634739404460756,27.634739404460756,0.059068465157868094,0.06893681677473831,0.06142670896934853,0.057570030394864594,0.05897334720478259
D1,hidden_uv_mae,EXPLORATORY_SUPPORT_SENSITIVITY_NO_NEW_TEST,1,F2-MAE-PUBLIC::D1::full_vs_freeuv_conserved,freeuv_conserved,D1-I007,8,0.047961634329713135,12.23021675407685,0.2621155537221795,26.211555372217948,0.0410605302459313,0.03781749880437332,0.05929690766441928,0.050750096328810786,0.047961634329713135
D1,hidden_uv_mae,EXPLORATORY_SUPPORT_SENSITIVITY_NO_NEW_TEST,1,F2-MAE-PUBLIC::D1::full_vs_freeuv_conserved,freeuv_conserved,D1-I008,8,0.043662278453984335,11.133881005766005,0.21860026344856023,21.860026344856024,0.042194519217291226,0.043662278453984335,0.032783844178943006,0.047357315728139684,0.05198213138977603
D1,hidden_uv_mae,EXPLORATORY_SUPPORT_SENSITIVITY_NO_NEW_TEST,1,F2-MAE-PUBLIC::D1::full_vs_freeuv_conserved,freeuv_conserved,D1-I009,8,0.021611490714480097,5.510930132192425,0.1276249685128253,12.76249685128253,0.013388988506702636,0.0277545932124363,0.021611490714480097,0.0224534664276256,0.015566853747666143
D1,hidden_uv_mae,EXPLORATORY_SUPPORT_SENSITIVITY_NO_NEW_TEST,1,F2-MAE-PUBLIC::D1::full_vs_freeuv_conserved,freeuv_conserved,D1-I010,8,0.02723822331263548,6.945746944722047,0.14719776437610735,14.719776437610735,0.028458199201198353,0.02723822331263548,0.024452347601772423,0.02332428401918739,0.028925706876084353
D1,hidden_uv_mae,EXPLORATORY_SUPPORT_SENSITIVITY_NO_NEW_TEST,1,F2-MAE-PUBLIC::D1::full_vs_freeuv_conserved,freeuv_conserved,D1-I011,6,0.013680563165879317,3.488543607299226,0.06241340804860934,6.2413408048609345,0.012416609048052085,0.01614123456330817,0.010571905948524377,0.013680563165879317,0.013808620134024077
D1,hidden_uv_mae,EXPLORATORY_SUPPORT_SENSITIVITY_NO_NEW_TEST,1,F2-MAE-PUBLIC::D1::full_vs_freeuv_conserved,freeuv_conserved,D1-I012,4,0.03553793561075365,9.062173580742181,0.16653309381281398,16.653309381281396,0.03904963403924498,0.027817486023443402,0.03166682095919826,0.050177187963824074,0.03553793561075365
D1,hidden_uv_mae,EXPLORATORY_SUPPORT_SENSITIVITY_NO_NEW_TEST,1,F2-MAE-PUBLIC::D1::full_vs_freeuv_conserved,freeuv_conserved,D1-I013,4,0.008452849557446268,2.1554766371487983,0.03925852734695077,3.9258527346950767,-0.0018030603686904761,0.024830633792426865,0.00715513576300654,0.011615001167371575,0.008452849557446268
D1,hidden_uv_mae,EXPLORATORY_SUPPORT_SENSITIVITY_NO_NEW_TEST,1,F2-MAE-PUBLIC::D1::full_vs_freeuv_conserved,freeuv_conserved,D1-I014,8,0.015647595029748634,3.990136732585902,0.12946469086345552,12.946469086345552,0.015647595029748634,0.017325586872273514,0.011785309889364999,0.019558087203374784,0.013418570163672962
D1,hidden_uv_mae,EXPLORATORY_SUPPORT_SENSITIVITY_NO_NEW_TEST,1,F2-MAE-PUBLIC::D1::full_vs_freeuv_conserved,freeuv_conserved,D1-I015,8,0.016110950106467417,4.108292277149191,0.0746078237729161,7.4607823772916095,0.01521418670501648,0.01595989576774806,0.01910418553354233,0.016110950106467417,0.03416077829947474
D1,hidden_uv_mae,EXPLORATORY_SUPPORT_SENSITIVITY_NO_NEW_TEST,1,F2-MAE-PUBLIC::D1::full_vs_freeuv_conserved,freeuv_conserved,D1-I016,8,0.07479367958930083,19.07238829527171,0.3041107378203142,30.411073782031423,0.07721864908393392,0.07657953172951701,0.06535189077217793,0.07479367958930083,0.07410742264055521
D1,hidden_uv_mae,EXPLORATORY_SUPPORT_SENSITIVITY_NO_NEW_TEST,1,F2-MAE-PUBLIC::D1::full_vs_freeuv_conserved,freeuv_conserved,D1-I017,6,-0.01988318384626815,-5.070211880798379,-0.08302885799959828,-8.302885799959828,-0.0004143836737497131,-0.01988318384626815,-0.02158064940524322,-0.022513388001688922,-0.009337411896784178
D1,hidden_uv_mae,EXPLORATORY_SUPPORT_SENSITIVITY_NO_NEW_TEST,1,F2-MAE-PUBLIC::D1::full_vs_freeuv_conserved,freeuv_conserved,D1-I018,8,0.040536912068799016,10.33691257754375,0.197478908115493,19.7478908115493,0.040536912068799016,0.04602512148401314,0.04462626986002727,0.03284578980047467,0.025069252445669626
D1,hidden_uv_mae,EXPLORATORY_SUPPORT_SENSITIVITY_NO_NEW_TEST,1,F2-MAE-PUBLIC::D1::full_vs_freeuv_conserved,freeuv_conserved,D1-I019,8,-0.008217890180806278,-2.095561996105601,-0.06692199482171227,-6.692199482171227,-0.018466085252701436,-0.00804708217556975,-0.00809729826760533,-0.008217890180806278,-0.012490445065969413
D1,hidden_uv_mae,EXPLORATORY_SUPPORT_SENSITIVITY_NO_NEW_TEST,1,F2-MAE-PUBLIC::D1::full_vs_freeuv_conserved,freeuv_conserved,D1-I020,8,-0.024450530275376105,-6.234885220220907,-0.2384070118650699,-23.84070118650699,-0.02529364504582304,-0.03242703933051619,-0.022881631397842783,-0.024069823134366588,-0.024450530275376105
D1,hidden_uv_mae,EXPLORATORY_SUPPORT_SENSITIVITY_NO_NEW_TEST,5,F1-MAE-ATTRIBUTION::D1::full_vs_condition0,condition0,D1-I001,8,0.0018835157345704484,0.48029651231546433,0.013792688147099146,1.3792688147099146,0.0018835157345704484,-0.0065221836081116175,0.008483544125941475,0.009401352422601955,-0.0007754388998012784
D1,hidden_uv_mae,EXPLORATORY_SUPPORT_SENSITIVITY_NO_NEW_TEST,5,F1-MAE-ATTRIBUTION::D1::full_vs_condition0,condition0,D1-I002,8,-0.00032397770822079064,-0.08261431559630161,-0.002118073256849079,-0.21180732568490793,-0.00032397770822079064,-0.005913818634494597,-0.00010244762783663541,0.0021302157510367653,-0.007829821010182828
D1,hidden_uv_mae,EXPLORATORY_SUPPORT_SENSITIVITY_NO_NEW_TEST,5,F1-MAE-ATTRIBUTION::D1::full_vs_condition0,condition0,D1-I003,8,0.001746241422662942,0.4452915627790502,0.008066384475505404,0.8066384475505404,-0.0015081269123281005,0.001746241422662942,0.013656158850666691,-0.005549207081397389,0.00684753353758745
D1,hidden_uv_mae,EXPLORATORY_SUPPORT_SENSITIVITY_NO_NEW_TEST,5,F1-MAE-ATTRIBUTION::D1::full_vs_condition0,condition0,D1-I004,8,-0.0028427194747509335,-0.7248934660614881,-0.022044008606339108,-2.204400860633911,-0.0028427194747509335,0.006582188894638109,-0.0069278030561533074,-0.008736825948681234,0.0024254015297938067
D1,hidden_uv_mae,EXPLORATORY_SUPPORT_SENSITIVITY_NO_NEW_TEST,5,F1-MAE-ATTRIBUTION::D1::full_vs_condition0,condition0,D1-I005,8,-0.0022731103983151812,-0.5796431515703713,-0.0184729254174925,-1.84729254174925,-0.0022731103983151812,0.004020798307073928,-0.009476045288777338,-0.0028801496746553717,0.006665475606918339
D1,hidden_uv_mae,EXPLORATORY_SUPPORT_SENSITIVITY_NO_NEW_TEST,5,F1-MAE-ATTRIBUTION::D1::full_vs_condition0,condition0,D1-I006,8,0.0011553207816450417,0.29460679931948563,0.007046305487755796,0.7046305487755796,-0.0017507655524133386,0.005415063097867823,0.0030870391784516837,-0.0070694596326669745,0.0011553207816450417
D1,hidden_uv_mae,EXPLORATORY_SUPPORT_SENSITIVITY_NO_NEW_TEST,5,F1-MAE-ATTRIBUTION::D1::full_vs_condition0,condition0,D1-I007,8,-0.0035512009538756634,-0.9055562432382942,-0.02556485068200236,-2.556485068200236,0.0018021805154297132,-0.0038422193450898673,-0.0035512009538756634,-0.009123618206609799,-0.001278371394083308
D1,hidden_uv_mae,EXPLORATORY_SUPPORT_SENSITIVITY_NO_NEW_TEST,5,F1-MAE-ATTRIBUTION::D1::full_vs_condition0,condition0,D1-I008,8,0.00490840908252832,1.2516443160447217,0.029599620097944705,2.9599620097944705,0.003911935358462348,0.0027532274922262706,0.00490840908252832,0.00838083545407707,0.008614211236564528
D1,hidden_uv_mae,EXPLORATORY_SUPPORT_SENSITIVITY_NO_NEW_TEST,5,F1-MAE-ATTRIBUTION::D1::full_vs_condition0,condition0,D1-I009,8,0.0022957936834348686,0.5854273892758914,0.013846134828613367,1.3846134828613366,0.003313580969130092,-0.004202512488741511,0.005499139284005486,0.0022957936834348686,-0.006261639030459537
D1,hidden_uv_mae,EXPLORATORY_SUPPORT_SENSITIVITY_NO_NEW_TEST,5,F1-MAE-ATTRIBUTION::D1::full_vs_condition0,condition0,D1-I010,8,0.0002390149473584513,0.06094881157640508,0.0017704297130305556,0.17704297130305557,-0.014943406055758245,0.002199047695224471,-0.004625771452800902,0.0002390149473584513,0.005376341547407862
D1,hidden_uv_mae,EXPLORATORY_SUPPORT_SENSITIVITY_NO_NEW_TEST,5,F1-MAE-ATTRIBUTION::D1::full_vs_condition0,condition0,D1-I011,6,-0.0035722049747657497,-0.9109122685652662,-0.018209392559308913,-1.8209392559308912,-0.007498371169950044,0.0018797894770341411,-0.005086922086822737,0.002325045421493782,-0.0035722049747657497
D1,hidden_uv_mae,EXPLORATORY_SUPPORT_SENSITIVITY_NO_NEW_TEST,5,F1-MAE-ATTRIBUTION::D1::full_vs_condition0,condition0,D1-I012,4,0.005691434963086189,1.4513159155869784,0.032542479156756766,3.2542479156756765,-0.00040543109514351583,0.0006834538080991576,0.005691434963086189,0.00803500006854277,0.006427553815372064
D1,hidden_uv_mae,EXPLORATORY_SUPPORT_SENSITIVITY_NO_NEW_TEST,5,F1-MAE-ATTRIBUTION::D1::full_vs_condition0,condition0,D1-I013,4,0.010126564447723682,2.582273934169539,0.04864088110356188,4.864088110356188,0.010126564447723682,0.013400091682088833,-0.006280811061748312,0.028001323657459914,-0.018697681315402448
D1,hidden_uv_mae,EXPLORATORY_SUPPORT_SENSITIVITY_NO_NEW_TEST,5,F1-MAE-ATTRIBUTION::D1::full_vs_condition0,condition0,D1-I014,8,0.002065108587094723,0.5266026897091544,0.019563979552775997,1.9563979552775996,0.0010184777154845087,0.002556710345932557,0.003693289602873885,0.002065108587094723,-0.0032534060269053602
D1,hidden_uv_mae,EXPLORATORY_SUPPORT_SENSITIVITY_NO_NEW_TEST,5,F1-MAE-ATTRIBUTION::D1::full_vs_condition0,condition0,D1-I015,8,0.001261756050648169,0.3217477929152831,0.006487405046760233,0.6487405046760233,0.0063107918138419344,0.001261756050648169,-0.010011618266418096,-0.0006409724176462406,0.006009211767797645
D1,hidden_uv_mae,EXPLORATORY_SUPPORT_SENSITIVITY_NO_NEW_TEST,5,F1-MAE-ATTRIBUTION::D1::full_vs_condition0,condition0,D1-I016,8,0.0035227297031017596,0.8982960742909487,0.02131941411445725,2.131941411445725,0.0035227297031017596,0.004068707289989176,-0.006395459500171702,0.004356173583955486,0.002970659678559723
D1,hidden_uv_mae,EXPLORATORY_SUPPORT_SENSITIVITY_NO_NEW_TEST,5,F1-MAE-ATTRIBUTION::D1::full_vs_condition0,condition0,D1-I017,6,-0.0021311055277254687,-0.5434319095699945,-0.009437154588311108,-0.9437154588311107,0.010693088605930073,-0.00254806984145399,-0.0021311055277254687,-0.00650543156813406,0.00654337244328633
D1,hidden_uv_mae,EXPLORATORY_SUPPORT_SENSITIVITY_NO_NEW_TEST,5,F1-MAE-ATTRIBUTION::D1::full_vs_condition0,condition0,D1-I018,8,0.002360554734865815,0.6019414573907828,0.01449833178035771,1.449833178035771,0.00043611057107821594,0.004863073440909818,0.007549035903953366,0.002360554734865815,0.00021504338596946282
D1,hidden_uv_mae,EXPLORATORY_SUPPORT_SENSITIVITY_NO_NEW_TEST,5,F1-MAE-ATTRIBUTION::D1::full_vs_condition0,condition0,D1-I019,8,0.005582698078749178,1.4235880100810403,0.038428752257448365,3.8428752257448364,0.010236900366045715,0.005582698078749178,0.0024917385240016965,0.00610535122192922,0.0014223533604046795
D1,hidden_uv_mae,EXPLORATORY_SUPPORT_SENSITIVITY_NO_NEW_TEST,5,F1-MAE-ATTRIBUTION::D1::full_vs_condition0,condition0,D1-I020,8,-0.003234142794225514,-0.8247064125275061,-0.024993126810041243,-2.4993126810041244,-0.009726589201086787,-0.003234142794225514,0.0023065963428389596,0.002413115209827732,-0.003609042688086213
D1,hidden_uv_mae,EXPLORATORY_SUPPORT_SENSITIVITY_NO_NEW_TEST,5,F1-MAE-ATTRIBUTION::D1::full_vs_b_lite_ft,b_lite_ft,D1-I001,8,-0.04072970203736034,-10.386074019526886,-0.454340873165869,-45.434087316586904,-0.039339618583217384,-0.03473844572982312,-0.049785547375771594,-0.04760926601935237,-0.04072970203736034
D1,hidden_uv_mae,EXPLORATORY_SUPPORT_SENSITIVITY_NO_NEW_TEST,5,F1-MAE-ATTRIBUTION::D1::full_vs_b_lite_ft,b_lite_ft,D1-I002,8,-0.05368405418040495,-13.689433816003262,-0.5442659242122015,-54.42659242122016,-0.05877551498343096,-0.051440272707906035,-0.05368405418040495,-0.05315865114161913,-0.055783755704760546
D1,hidden_uv_mae,EXPLORATORY_SUPPORT_SENSITIVITY_NO_NEW_TEST,5,F1-MAE-ATTRIBUTION::D1::full_vs_b_lite_ft,b_lite_ft,D1-I003,8,-0.007561432572562005,-1.9281653060033113,-0.034183078822112835,-3.4183078822112836,-0.007561432572562005,-0.009924666657340986,-0.007059981124366843,-0.013896877345229902,-0.002072563105159339
D1,hidden_uv_mae,EXPLORATORY_SUPPORT_SENSITIVITY_NO_NEW_TEST,5,F1-MAE-ATTRIBUTION::D1::full_vs_b_lite_ft,b_lite_ft,D1-I004,8,-0.039477003504353105,-10.06663589361004,-0.4855097196260115,-48.55097196260115,-0.0449080719015452,-0.039477003504353105,-0.03675573920444831,-0.045448839937768916,-0.033084612802170954
D1,hidden_uv_mae,EXPLORATORY_SUPPORT_SENSITIVITY_NO_NEW_TEST,5,F1-MAE-ATTRIBUTION::D1::full_vs_b_lite_ft,b_lite_ft,D1-I005,8,-0.0499236684053814,-12.730535443372258,-0.687555172687052,-68.7555172687052,-0.05287842650930371,-0.0499236684053814,-0.05219539590174471,-0.04042242663301653,-0.04233089002829039
D1,hidden_uv_mae,EXPLORATORY_SUPPORT_SENSITIVITY_NO_NEW_TEST,5,F1-MAE-ATTRIBUTION::D1::full_vs_b_lite_ft,b_lite_ft,D1-I006,8,-0.03495743855061555,-8.914146830406965,-0.2822842058663378,-28.228420586633778,-0.03495743855061555,-0.025786425799122846,-0.04633714221933226,-0.03698902437237918,-0.028479662284885764
D1,hidden_uv_mae,EXPLORATORY_SUPPORT_SENSITIVITY_NO_NEW_TEST,5,F1-MAE-ATTRIBUTION::D1::full_vs_b_lite_ft,b_lite_ft,D1-I007,8,-0.01741134836155106,-4.43989383219552,-0.13816466297420996,-13.816466297420996,-0.01741134836155106,-0.03085846221154768,-0.01518002820957421,-0.02491743719692758,-0.01674899499778368
D1,hidden_uv_mae,EXPLORATORY_SUPPORT_SENSITIVITY_NO_NEW_TEST,5,F1-MAE-ATTRIBUTION::D1::full_vs_b_lite_ft,b_lite_ft,D1-I008,8,-0.04680745270284597,-11.935900439225723,-0.39182285431069847,-39.18228543106984,-0.04680745270284597,-0.040854043473939367,-0.051059169590805906,-0.04959581267887912,-0.037743724065285894
D1,hidden_uv_mae,EXPLORATORY_SUPPORT_SENSITIVITY_NO_NEW_TEST,5,F1-MAE-ATTRIBUTION::D1::full_vs_b_lite_ft,b_lite_ft,D1-I009,8,0.0012189273499424308,0.31082647423531984,0.007565635230747527,0.7565635230747527,0.0007072831331579738,0.007635177490041389,-0.005226036346463292,0.0012189273499424308,0.008777552255555793
D1,hidden_uv_mae,EXPLORATORY_SUPPORT_SENSITIVITY_NO_NEW_TEST,5,F1-MAE-ATTRIBUTION::D1::full_vs_b_lite_ft,b_lite_ft,D1-I010,8,-0.03429205229504721,-8.74447333523704,-0.29233483018146234,-29.233483018146234,-0.039179026401740494,-0.03067846904976783,-0.03258101215387135,-0.036427799486557395,-0.03429205229504721
D1,hidden_uv_mae,EXPLORATORY_SUPPORT_SENSITIVITY_NO_NEW_TEST,5,F1-MAE-ATTRIBUTION::D1::full_vs_b_lite_ft,b_lite_ft,D1-I011,6,-0.03950154733537558,-10.072894570520774,-0.24207717535060663,-24.207717535060663,-0.03950154733537558,-0.018954180425856823,-0.04136892679160151,-0.027767883309039065,-0.04739738926216207
D1,hidden_uv_mae,EXPLORATORY_SUPPORT_SENSITIVITY_NO_NEW_TEST,5,F1-MAE-ATTRIBUTION::D1::full_vs_b_lite_ft,b_lite_ft,D1-I012,4,-0.013922167327785576,-3.550152668585322,-0.08123331668790014,-8.123331668790014,0.0003446314203324752,-0.024175849426026033,-0.013922167327785576,-0.017557405954906152,-0.00499726193195793
D1,hidden_uv_mae,EXPLORATORY_SUPPORT_SENSITIVITY_NO_NEW_TEST,5,F1-MAE-ATTRIBUTION::D1::full_vs_b_lite_ft,b_lite_ft,D1-I013,4,-0.02536538209510493,-6.468172434251757,-0.14698083246386837,-14.698083246386837,-0.031856522704355225,-0.014235744562773558,-0.02466904040535582,-0.03173456041752791,-0.02536538209510493
D1,hidden_uv_mae,EXPLORATORY_SUPPORT_SENSITIVITY_NO_NEW_TEST,5,F1-MAE-ATTRIBUTION::D1::full_vs_b_lite_ft,b_lite_ft,D1-I014,8,-0.05695646299828144,-14.523898064561768,-1.032337227645275,-103.23372276452749,-0.05872157823669168,-0.05695646299828144,-0.049270655047674035,-0.04900504763965019,-0.06018528655330549
D1,hidden_uv_mae,EXPLORATORY_SUPPORT_SENSITIVITY_NO_NEW_TEST,5,F1-MAE-ATTRIBUTION::D1::full_vs_b_lite_ft,b_lite_ft,D1-I015,8,-0.049193693504602926,-12.544391843673745,-0.3417390651501545,-34.17390651501545,-0.04973773277582384,-0.04671379869948031,-0.042831696171551845,-0.04975738521173022,-0.049193693504602926
D1,hidden_uv_mae,EXPLORATORY_SUPPORT_SENSITIVITY_NO_NEW_TEST,5,F1-MAE-ATTRIBUTION::D1::full_vs_b_lite_ft,b_lite_ft,D1-I016,8,-0.05029972083142677,-12.826428812013825,-0.4544764742933058,-45.44764742933058,-0.053534282483196916,-0.04946366205819154,-0.053358006980754664,-0.04178494444856072,-0.05029972083142677
D1,hidden_uv_mae,EXPLORATORY_SUPPORT_SENSITIVITY_NO_NEW_TEST,5,F1-MAE-ATTRIBUTION::D1::full_vs_b_lite_ft,b_lite_ft,D1-I017,6,-0.024317505250694926,-6.200963838927207,-0.11342027597493654,-11.342027597493654,-0.018709483282965803,-0.01675089509273417,-0.028301139337697415,-0.032016059661265264,-0.024317505250694926
D1,hidden_uv_mae,EXPLORATORY_SUPPORT_SENSITIVITY_NO_NEW_TEST,5,F1-MAE-ATTRIBUTION::D1::full_vs_b_lite_ft,b_lite_ft,D1-I018,8,-0.0328335494408052,-8.372555107405326,-0.22334761952140747,-22.334761952140745,-0.01576441158786481,-0.025326827111698327,-0.0328335494408052,-0.042327033294722385,-0.03660618307002528
D1,hidden_uv_mae,EXPLORATORY_SUPPORT_SENSITIVITY_NO_NEW_TEST,5,F1-MAE-ATTRIBUTION::D1::full_vs_b_lite_ft,b_lite_ft,D1-I019,8,-0.02019836843487105,-5.150583950892118,-0.19172936040568092,-19.172936040568093,-0.02019836843487105,-0.017806458851331385,-0.017751169188150832,-0.023670750855554798,-0.023996302757366278
D1,hidden_uv_mae,EXPLORATORY_SUPPORT_SENSITIVITY_NO_NEW_TEST,5,F1-MAE-ATTRIBUTION::D1::full_vs_b_lite_ft,b_lite_ft,D1-I020,8,-0.03043793454160995,-7.761673308110537,-0.3288258087166355,-32.88258087166355,-0.03043793454160995,-0.04834237523475342,-0.029047510728231356,-0.02088183479604598,-0.030810060156014306
D1,hidden_uv_mae,EXPLORATORY_SUPPORT_SENSITIVITY_NO_NEW_TEST,5,F2-MAE-PUBLIC::D1::full_vs_freeuv_conserved,freeuv_conserved,D1-I001,8,-0.017029500415918247,-4.342522606059153,-0.14635361494288895,-14.635361494288896,-0.02245180165788871,-0.017029500415918247,-0.01619764886056193,-0.02503871139836312,-0.008665531437697646
D1,hidden_uv_mae,EXPLORATORY_SUPPORT_SENSITIVITY_NO_NEW_TEST,5,F2-MAE-PUBLIC::D1::full_vs_freeuv_conserved,freeuv_conserved,D1-I002,8,0.029419538486255656,7.501982313995192,0.15703984289195458,15.703984289195457,0.02913242406337338,0.032234290849484176,0.029556366574425924,0.027304633041811383,0.029419538486255656
D1,hidden_uv_mae,EXPLORATORY_SUPPORT_SENSITIVITY_NO_NEW_TEST,5,F2-MAE-PUBLIC::D1::full_vs_freeuv_conserved,freeuv_conserved,D1-I003,8,-0.006088352169714831,-1.5525298032772819,-0.025050824886220572,-2.5050824886220573,0.002890747475816288,-0.006088352169714831,-0.016731303103391895,-0.010217574657971823,-0.000489681701427741
D1,hidden_uv_mae,EXPLORATORY_SUPPORT_SENSITIVITY_NO_NEW_TEST,5,F2-MAE-PUBLIC::D1::full_vs_freeuv_conserved,freeuv_conserved,D1-I004,8,0.00671434103960384,1.7121569650989792,0.05341416496285886,5.341416496285886,0.0069260194001982064,-0.002316345315870841,0.0030851043195419536,0.00671434103960384,0.010453135738234427
D1,hidden_uv_mae,EXPLORATORY_SUPPORT_SENSITIVITY_NO_NEW_TEST,5,F2-MAE-PUBLIC::D1::full_vs_freeuv_conserved,freeuv_conserved,D1-I005,8,-0.010623767284921898,-2.7090606576550837,-0.0933334437796934,-9.33334437796934,-0.01618538066536205,-0.016245613004536315,-0.010066061006986232,-0.010623767284921898,-0.004222168862463037
D1,hidden_uv_mae,EXPLORATORY_SUPPORT_SENSITIVITY_NO_NEW_TEST,5,F2-MAE-PUBLIC::D1::full_vs_freeuv_conserved,freeuv_conserved,D1-I006,8,0.059068465157868094,15.062458615256364,0.27634739404460756,27.634739404460756,0.059068465157868094,0.06893681677473831,0.06142670896934853,0.057570030394864594,0.05897334720478259
D1,hidden_uv_mae,EXPLORATORY_SUPPORT_SENSITIVITY_NO_NEW_TEST,5,F2-MAE-PUBLIC::D1::full_vs_freeuv_conserved,freeuv_conserved,D1-I007,8,0.047961634329713135,12.23021675407685,0.2621155537221795,26.211555372217948,0.0410605302459313,0.03781749880437332,0.05929690766441928,0.050750096328810786,0.047961634329713135
D1,hidden_uv_mae,EXPLORATORY_SUPPORT_SENSITIVITY_NO_NEW_TEST,5,F2-MAE-PUBLIC::D1::full_vs_freeuv_conserved,freeuv_conserved,D1-I008,8,0.043662278453984335,11.133881005766005,0.21860026344856023,21.860026344856024,0.042194519217291226,0.043662278453984335,0.032783844178943006,0.047357315728139684,0.05198213138977603
D1,hidden_uv_mae,EXPLORATORY_SUPPORT_SENSITIVITY_NO_NEW_TEST,5,F2-MAE-PUBLIC::D1::full_vs_freeuv_conserved,freeuv_conserved,D1-I009,8,0.021611490714480097,5.510930132192425,0.1276249685128253,12.76249685128253,0.013388988506702636,0.0277545932124363,0.021611490714480097,0.0224534664276256,0.015566853747666143
D1,hidden_uv_mae,EXPLORATORY_SUPPORT_SENSITIVITY_NO_NEW_TEST,5,F2-MAE-PUBLIC::D1::full_vs_freeuv_conserved,freeuv_conserved,D1-I010,8,0.02723822331263548,6.945746944722047,0.14719776437610735,14.719776437610735,0.028458199201198353,0.02723822331263548,0.024452347601772423,0.02332428401918739,0.028925706876084353
D1,hidden_uv_mae,EXPLORATORY_SUPPORT_SENSITIVITY_NO_NEW_TEST,5,F2-MAE-PUBLIC::D1::full_vs_freeuv_conserved,freeuv_conserved,D1-I011,6,0.013680563165879317,3.488543607299226,0.06241340804860934,6.2413408048609345,0.012416609048052085,0.01614123456330817,0.010571905948524377,0.013680563165879317,0.013808620134024077
D1,hidden_uv_mae,EXPLORATORY_SUPPORT_SENSITIVITY_NO_NEW_TEST,5,F2-MAE-PUBLIC::D1::full_vs_freeuv_conserved,freeuv_conserved,D1-I012,4,0.03553793561075365,9.062173580742181,0.16653309381281398,16.653309381281396,0.03904963403924498,0.027817486023443402,0.03166682095919826,0.050177187963824074,0.03553793561075365
D1,hidden_uv_mae,EXPLORATORY_SUPPORT_SENSITIVITY_NO_NEW_TEST,5,F2-MAE-PUBLIC::D1::full_vs_freeuv_conserved,freeuv_conserved,D1-I013,4,0.008452849557446268,2.1554766371487983,0.03925852734695077,3.9258527346950767,-0.0018030603686904761,0.024830633792426865,0.00715513576300654,0.011615001167371575,0.008452849557446268
D1,hidden_uv_mae,EXPLORATORY_SUPPORT_SENSITIVITY_NO_NEW_TEST,5,F2-MAE-PUBLIC::D1::full_vs_freeuv_conserved,freeuv_conserved,D1-I014,8,0.015647595029748634,3.990136732585902,0.12946469086345552,12.946469086345552,0.015647595029748634,0.017325586872273514,0.011785309889364999,0.019558087203374784,0.013418570163672962
D1,hidden_uv_mae,EXPLORATORY_SUPPORT_SENSITIVITY_NO_NEW_TEST,5,F2-MAE-PUBLIC::D1::full_vs_freeuv_conserved,freeuv_conserved,D1-I015,8,0.016110950106467417,4.108292277149191,0.0746078237729161,7.4607823772916095,0.01521418670501648,0.01595989576774806,0.01910418553354233,0.016110950106467417,0.03416077829947474
D1,hidden_uv_mae,EXPLORATORY_SUPPORT_SENSITIVITY_NO_NEW_TEST,5,F2-MAE-PUBLIC::D1::full_vs_freeuv_conserved,freeuv_conserved,D1-I016,8,0.07479367958930083,19.07238829527171,0.3041107378203142,30.411073782031423,0.07721864908393392,0.07657953172951701,0.06535189077217793,0.07479367958930083,0.07410742264055521
D1,hidden_uv_mae,EXPLORATORY_SUPPORT_SENSITIVITY_NO_NEW_TEST,5,F2-MAE-PUBLIC::D1::full_vs_freeuv_conserved,freeuv_conserved,D1-I017,6,-0.01988318384626815,-5.070211880798379,-0.08302885799959828,-8.302885799959828,-0.0004143836737497131,-0.01988318384626815,-0.02158064940524322,-0.022513388001688922,-0.009337411896784178
D1,hidden_uv_mae,EXPLORATORY_SUPPORT_SENSITIVITY_NO_NEW_TEST,5,F2-MAE-PUBLIC::D1::full_vs_freeuv_conserved,freeuv_conserved,D1-I018,8,0.040536912068799016,10.33691257754375,0.197478908115493,19.7478908115493,0.040536912068799016,0.04602512148401314,0.04462626986002727,0.03284578980047467,0.025069252445669626
D1,hidden_uv_mae,EXPLORATORY_SUPPORT_SENSITIVITY_NO_NEW_TEST,5,F2-MAE-PUBLIC::D1::full_vs_freeuv_conserved,freeuv_conserved,D1-I019,8,-0.008217890180806278,-2.095561996105601,-0.06692199482171227,-6.692199482171227,-0.018466085252701436,-0.00804708217556975,-0.00809729826760533,-0.008217890180806278,-0.012490445065969413
D1,hidden_uv_mae,EXPLORATORY_SUPPORT_SENSITIVITY_NO_NEW_TEST,5,F2-MAE-PUBLIC::D1::full_vs_freeuv_conserved,freeuv_conserved,D1-I020,8,-0.024450530275376105,-6.234885220220907,-0.2384070118650699,-23.84070118650699,-0.02529364504582304,-0.03242703933051619,-0.022881631397842783,-0.024069823134366588,-0.024450530275376105
D1,hidden_uv_mae,EXPLORATORY_SUPPORT_SENSITIVITY_NO_NEW_TEST,10,F1-MAE-ATTRIBUTION::D1::full_vs_condition0,condition0,D1-I001,8,0.0018835157345704484,0.48029651231546433,0.013792688147099146,1.3792688147099146,0.0018835157345704484,-0.0065221836081116175,0.008483544125941475,0.009401352422601955,-0.0007754388998012784
D1,hidden_uv_mae,EXPLORATORY_SUPPORT_SENSITIVITY_NO_NEW_TEST,10,F1-MAE-ATTRIBUTION::D1::full_vs_condition0,condition0,D1-I002,7,-0.0014690192054129525,-0.37459989738030286,-0.009454330323159009,-0.9454330323159008,0.0005624284979068861,-0.0034257187335579586,-0.0014690192054129525,0.0019420377082294826,-0.0056764027129869166
D1,hidden_uv_mae,EXPLORATORY_SUPPORT_SENSITIVITY_NO_NEW_TEST,10,F1-MAE-ATTRIBUTION::D1::full_vs_condition0,condition0,D1-I003,8,0.001746241422662942,0.4452915627790502,0.008066384475505404,0.8066384475505404,-0.0015081269123281005,0.001746241422662942,0.013656158850666691,-0.005549207081397389,0.00684753353758745
D1,hidden_uv_mae,EXPLORATORY_SUPPORT_SENSITIVITY_NO_NEW_TEST,10,F1-MAE-ATTRIBUTION::D1::full_vs_condition0,condition0,D1-I004,7,-0.0006329293052355356,-0.16139697283506158,-0.004929129392089082,-0.49291293920890816,-0.0006329293052355356,0.008853081007203362,-0.005463115671383467,-0.008531277647353536,0.0025804538690615414
D1,hidden_uv_mae,EXPLORATORY_SUPPORT_SENSITIVITY_NO_NEW_TEST,10,F1-MAE-ATTRIBUTION::D1::full_vs_condition0,condition0,D1-I005,8,-0.0022731103983151812,-0.5796431515703713,-0.0184729254174925,-1.84729254174925,-0.0022731103983151812,0.004020798307073928,-0.009476045288777338,-0.0028801496746553717,0.006665475606918339
D1,hidden_uv_mae,EXPLORATORY_SUPPORT_SENSITIVITY_NO_NEW_TEST,10,F1-MAE-ATTRIBUTION::D1::full_vs_condition0,condition0,D1-I006,8,0.0011553207816450417,0.29460679931948563,0.007046305487755796,0.7046305487755796,-0.0017507655524133386,0.005415063097867823,0.0030870391784516837,-0.0070694596326669745,0.0011553207816450417
D1,hidden_uv_mae,EXPLORATORY_SUPPORT_SENSITIVITY_NO_NEW_TEST,10,F1-MAE-ATTRIBUTION::D1::full_vs_condition0,condition0,D1-I007,8,-0.0035512009538756634,-0.9055562432382942,-0.02556485068200236,-2.556485068200236,0.0018021805154297132,-0.0038422193450898673,-0.0035512009538756634,-0.009123618206609799,-0.001278371394083308
D1,hidden_uv_mae,EXPLORATORY_SUPPORT_SENSITIVITY_NO_NEW_TEST,10,F1-MAE-ATTRIBUTION::D1::full_vs_condition0,condition0,D1-I008,8,0.00490840908252832,1.2516443160447217,0.029599620097944705,2.9599620097944705,0.003911935358462348,0.0027532274922262706,0.00490840908252832,0.00838083545407707,0.008614211236564528
D1,hidden_uv_mae,EXPLORATORY_SUPPORT_SENSITIVITY_NO_NEW_TEST,10,F1-MAE-ATTRIBUTION::D1::full_vs_condition0,condition0,D1-I009,7,0.0011685791269382129,0.29798767736924425,0.007209141208011277,0.7209141208011277,0.0017287253867834806,-0.005364877298290355,0.004216376226395369,0.0011685791269382129,-0.0030932183899803345
D1,hidden_uv_mae,EXPLORATORY_SUPPORT_SENSITIVITY_NO_NEW_TEST,10,F1-MAE-ATTRIBUTION::D1::full_vs_condition0,condition0,D1-I010,8,0.0002390149473584513,0.06094881157640508,0.0017704297130305556,0.17704297130305557,-0.014943406055758245,0.002199047695224471,-0.004625771452800902,0.0002390149473584513,0.005376341547407862
D1,hidden_uv_mae,EXPLORATORY_SUPPORT_SENSITIVITY_NO_NEW_TEST,10,F1-MAE-ATTRIBUTION::D1::full_vs_condition0,condition0,D1-I011,6,-0.0035722049747657497,-0.9109122685652662,-0.018209392559308913,-1.8209392559308912,-0.007498371169950044,0.0018797894770341411,-0.005086922086822737,0.002325045421493782,-0.0035722049747657497
D1,hidden_uv_mae,EXPLORATORY_SUPPORT_SENSITIVITY_NO_NEW_TEST,10,F1-MAE-ATTRIBUTION::D1::full_vs_condition0,condition0,D1-I012,3,0.004948771870755514,1.261936827042656,0.02804713875087519,2.804713875087519,-0.00033575511898667476,-0.014977230325147695,0.004948771870755514,0.011874952151145785,0.0069908095709173
D1,hidden_uv_mae,EXPLORATORY_SUPPORT_SENSITIVITY_NO_NEW_TEST,10,F1-MAE-ATTRIBUTION::D1::full_vs_condition0,condition0,D1-I013,3,0.01430395697681311,3.6475090290873426,0.06289029546506983,6.289029546506983,0.023477874909128477,0.01430395697681311,-0.01715736158001116,0.021388164091677903,-0.021336983157019346
D1,hidden_uv_mae,EXPLORATORY_SUPPORT_SENSITIVITY_NO_NEW_TEST,10,F1-MAE-ATTRIBUTION::D1::full_vs_condition0,condition0,D1-I014,8,0.002065108587094723,0.5266026897091544,0.019563979552775997,1.9563979552775996,0.0010184777154845087,0.002556710345932557,0.003693289602873885,0.002065108587094723,-0.0032534060269053602
D1,hidden_uv_mae,EXPLORATORY_SUPPORT_SENSITIVITY_NO_NEW_TEST,10,F1-MAE-ATTRIBUTION::D1::full_vs_condition0,condition0,D1-I015,7,7.597843862394704e-05,0.019374501849106496,0.0004126259131203885,0.04126259131203885,0.005956071665957824,7.597843862394704e-05,-0.009094740196510603,-0.0004939494344095574,0.004927882863805189
D1,hidden_uv_mae,EXPLORATORY_SUPPORT_SENSITIVITY_NO_NEW_TEST,10,F1-MAE-ATTRIBUTION::D1::full_vs_condition0,condition0,D1-I016,8,0.0035227297031017596,0.8982960742909487,0.02131941411445725,2.131941411445725,0.0035227297031017596,0.004068707289989176,-0.006395459500171702,0.004356173583955486,0.002970659678559723
D1,hidden_uv_mae,EXPLORATORY_SUPPORT_SENSITIVITY_NO_NEW_TEST,10,F1-MAE-ATTRIBUTION::D1::full_vs_condition0,condition0,D1-I017,6,-0.0021311055277254687,-0.5434319095699945,-0.009437154588311108,-0.9437154588311107,0.010693088605930073,-0.00254806984145399,-0.0021311055277254687,-0.00650543156813406,0.00654337244328633
D1,hidden_uv_mae,EXPLORATORY_SUPPORT_SENSITIVITY_NO_NEW_TEST,10,F1-MAE-ATTRIBUTION::D1::full_vs_condition0,condition0,D1-I018,6,0.002360554734865815,0.6019414573907828,0.01449833178035771,1.449833178035771,0.00043611057107821594,0.006385273952244336,0.006093348593741638,0.002360554734865815,0.00021504338596946282
D1,hidden_uv_mae,EXPLORATORY_SUPPORT_SENSITIVITY_NO_NEW_TEST,10,F1-MAE-ATTRIBUTION::D1::full_vs_condition0,condition0,D1-I019,8,0.005582698078749178,1.4235880100810403,0.038428752257448365,3.8428752257448364,0.010236900366045715,0.005582698078749178,0.0024917385240016965,0.00610535122192922,0.0014223533604046795
D1,hidden_uv_mae,EXPLORATORY_SUPPORT_SENSITIVITY_NO_NEW_TEST,10,F1-MAE-ATTRIBUTION::D1::full_vs_condition0,condition0,D1-I020,8,-0.003234142794225514,-0.8247064125275061,-0.024993126810041243,-2.4993126810041244,-0.009726589201086787,-0.003234142794225514,0.0023065963428389596,0.002413115209827732,-0.003609042688086213
D1,hidden_uv_mae,EXPLORATORY_SUPPORT_SENSITIVITY_NO_NEW_TEST,10,F1-MAE-ATTRIBUTION::D1::full_vs_b_lite_ft,b_lite_ft,D1-I001,8,-0.04072970203736034,-10.386074019526886,-0.454340873165869,-45.434087316586904,-0.039339618583217384,-0.03473844572982312,-0.049785547375771594,-0.04760926601935237,-0.04072970203736034
D1,hidden_uv_mae,EXPLORATORY_SUPPORT_SENSITIVITY_NO_NEW_TEST,10,F1-MAE-ATTRIBUTION::D1::full_vs_b_lite_ft,b_lite_ft,D1-I002,7,-0.05984319729937447,-15.26001531134049,-0.6805494550430816,-68.05494550430817,-0.07267907292553873,-0.05984319729937447,-0.06095530198233938,-0.05900728554436653,-0.05939840078353881
D1,hidden_uv_mae,EXPLORATORY_SUPPORT_SENSITIVITY_NO_NEW_TEST,10,F1-MAE-ATTRIBUTION::D1::full_vs_b_lite_ft,b_lite_ft,D1-I003,8,-0.007561432572562005,-1.9281653060033113,-0.034183078822112835,-3.4183078822112836,-0.007561432572562005,-0.009924666657340986,-0.007059981124366843,-0.013896877345229902,-0.002072563105159339
D1,hidden_uv_mae,EXPLORATORY_SUPPORT_SENSITIVITY_NO_NEW_TEST,10,F1-MAE-ATTRIBUTION::D1::full_vs_b_lite_ft,b_lite_ft,D1-I004,7,-0.040531650121904836,-10.335570781085734,-0.5069634235620826,-50.696342356208255,-0.044250345093752044,-0.040531650121904836,-0.03809072522051406,-0.04610673928012449,-0.03419716691686993
D1,hidden_uv_mae,EXPLORATORY_SUPPORT_SENSITIVITY_NO_NEW_TEST,10,F1-MAE-ATTRIBUTION::D1::full_vs_b_lite_ft,b_lite_ft,D1-I005,8,-0.0499236684053814,-12.730535443372258,-0.687555172687052,-68.7555172687052,-0.05287842650930371,-0.0499236684053814,-0.05219539590174471,-0.04042242663301653,-0.04233089002829039
D1,hidden_uv_mae,EXPLORATORY_SUPPORT_SENSITIVITY_NO_NEW_TEST,10,F1-MAE-ATTRIBUTION::D1::full_vs_b_lite_ft,b_lite_ft,D1-I006,8,-0.03495743855061555,-8.914146830406965,-0.2822842058663378,-28.228420586633778,-0.03495743855061555,-0.025786425799122846,-0.04633714221933226,-0.03698902437237918,-0.028479662284885764
D1,hidden_uv_mae,EXPLORATORY_SUPPORT_SENSITIVITY_NO_NEW_TEST,10,F1-MAE-ATTRIBUTION::D1::full_vs_b_lite_ft,b_lite_ft,D1-I007,8,-0.01741134836155106,-4.43989383219552,-0.13816466297420996,-13.816466297420996,-0.01741134836155106,-0.03085846221154768,-0.01518002820957421,-0.02491743719692758,-0.01674899499778368
D1,hidden_uv_mae,EXPLORATORY_SUPPORT_SENSITIVITY_NO_NEW_TEST,10,F1-MAE-ATTRIBUTION::D1::full_vs_b_lite_ft,b_lite_ft,D1-I008,8,-0.04680745270284597,-11.935900439225723,-0.39182285431069847,-39.18228543106984,-0.04680745270284597,-0.040854043473939367,-0.051059169590805906,-0.04959581267887912,-0.037743724065285894
D1,hidden_uv_mae,EXPLORATORY_SUPPORT_SENSITIVITY_NO_NEW_TEST,10,F1-MAE-ATTRIBUTION::D1::full_vs_b_lite_ft,b_lite_ft,D1-I009,7,-0.0044350132898048344,-1.1309283889002328,-0.03218332368230076,-3.218332368230076,-0.0044350132898048344,0.0065243252449565525,-0.021429657384201328,-0.007853656389552682,0.0016915546155270023
D1,hidden_uv_mae,EXPLORATORY_SUPPORT_SENSITIVITY_NO_NEW_TEST,10,F1-MAE-ATTRIBUTION::D1::full_vs_b_lite_ft,b_lite_ft,D1-I010,8,-0.03429205229504721,-8.74447333523704,-0.29233483018146234,-29.233483018146234,-0.039179026401740494,-0.03067846904976783,-0.03258101215387135,-0.036427799486557395,-0.03429205229504721
D1,hidden_uv_mae,EXPLORATORY_SUPPORT_SENSITIVITY_NO_NEW_TEST,10,F1-MAE-ATTRIBUTION::D1::full_vs_b_lite_ft,b_lite_ft,D1-I011,6,-0.03950154733537558,-10.072894570520774,-0.24207717535060663,-24.207717535060663,-0.03950154733537558,-0.018954180425856823,-0.04136892679160151,-0.027767883309039065,-0.04739738926216207
D1,hidden_uv_mae,EXPLORATORY_SUPPORT_SENSITIVITY_NO_NEW_TEST,10,F1-MAE-ATTRIBUTION::D1::full_vs_b_lite_ft,b_lite_ft,D1-I012,3,-0.02099401576760987,-5.353474020740516,-0.13930877696958388,-13.930877696958389,-0.011293323345762607,-0.030878673412688518,-0.02166236486140785,-0.02099401576760987,-0.020729482410676126
D1,hidden_uv_mae,EXPLORATORY_SUPPORT_SENSITIVITY_NO_NEW_TEST,10,F1-MAE-ATTRIBUTION::D1::full_vs_b_lite_ft,b_lite_ft,D1-I013,3,-0.03992767097094119,-10.181556097590002,-0.22451927229043697,-22.451927229043697,-0.03992767097094119,-0.02941636269928044,-0.02477052983115699,-0.043839905776229565,-0.040311334910346025
D1,hidden_uv_mae,EXPLORATORY_SUPPORT_SENSITIVITY_NO_NEW_TEST,10,F1-MAE-ATTRIBUTION::D1::full_vs_b_lite_ft,b_lite_ft,D1-I014,8,-0.05695646299828144,-14.523898064561768,-1.032337227645275,-103.23372276452749,-0.05872157823669168,-0.05695646299828144,-0.049270655047674035,-0.04900504763965019,-0.06018528655330549
D1,hidden_uv_mae,EXPLORATORY_SUPPORT_SENSITIVITY_NO_NEW_TEST,10,F1-MAE-ATTRIBUTION::D1::full_vs_b_lite_ft,b_lite_ft,D1-I015,7,-0.052200494817009724,-13.31112617833748,-0.40535851072531687,-40.535851072531685,-0.053952287896677414,-0.04867287098684092,-0.047540484159081076,-0.052200494817009724,-0.05315471225314669
D1,hidden_uv_mae,EXPLORATORY_SUPPORT_SENSITIVITY_NO_NEW_TEST,10,F1-MAE-ATTRIBUTION::D1::full_vs_b_lite_ft,b_lite_ft,D1-I016,8,-0.05029972083142677,-12.826428812013825,-0.4544764742933058,-45.44764742933058,-0.053534282483196916,-0.04946366205819154,-0.053358006980754664,-0.04178494444856072,-0.05029972083142677
D1,hidden_uv_mae,EXPLORATORY_SUPPORT_SENSITIVITY_NO_NEW_TEST,10,F1-MAE-ATTRIBUTION::D1::full_vs_b_lite_ft,b_lite_ft,D1-I017,6,-0.024317505250694926,-6.200963838927207,-0.11342027597493654,-11.342027597493654,-0.018709483282965803,-0.01675089509273417,-0.028301139337697415,-0.032016059661265264,-0.024317505250694926
D1,hidden_uv_mae,EXPLORATORY_SUPPORT_SENSITIVITY_NO_NEW_TEST,10,F1-MAE-ATTRIBUTION::D1::full_vs_b_lite_ft,b_lite_ft,D1-I018,6,-0.04084443516416468,-10.415330966861994,-0.31480714515452335,-31.480714515452334,-0.03631135526411227,-0.03313893804381929,-0.04084443516416468,-0.051243877004141944,-0.04943134257441444
D1,hidden_uv_mae,EXPLORATORY_SUPPORT_SENSITIVITY_NO_NEW_TEST,10,F1-MAE-ATTRIBUTION::D1::full_vs_b_lite_ft,b_lite_ft,D1-I019,8,-0.02019836843487105,-5.150583950892118,-0.19172936040568092,-19.172936040568093,-0.02019836843487105,-0.017806458851331385,-0.017751169188150832,-0.023670750855554798,-0.023996302757366278
D1,hidden_uv_mae,EXPLORATORY_SUPPORT_SENSITIVITY_NO_NEW_TEST,10,F1-MAE-ATTRIBUTION::D1::full_vs_b_lite_ft,b_lite_ft,D1-I020,8,-0.03043793454160995,-7.761673308110537,-0.3288258087166355,-32.88258087166355,-0.03043793454160995,-0.04834237523475342,-0.029047510728231356,-0.02088183479604598,-0.030810060156014306
D1,hidden_uv_mae,EXPLORATORY_SUPPORT_SENSITIVITY_NO_NEW_TEST,10,F2-MAE-PUBLIC::D1::full_vs_freeuv_conserved,freeuv_conserved,D1-I001,8,-0.017029500415918247,-4.342522606059153,-0.14635361494288895,-14.635361494288896,-0.02245180165788871,-0.017029500415918247,-0.01619764886056193,-0.02503871139836312,-0.008665531437697646
D1,hidden_uv_mae,EXPLORATORY_SUPPORT_SENSITIVITY_NO_NEW_TEST,10,F2-MAE-PUBLIC::D1::full_vs_freeuv_conserved,freeuv_conserved,D1-I002,7,0.027538670492099793,7.022360975485447,0.15618272971992905,15.618272971992905,0.02602022341064486,0.029538621812933624,0.029032480634268915,0.018991193895797343,0.027538670492099793
D1,hidden_uv_mae,EXPLORATORY_SUPPORT_SENSITIVITY_NO_NEW_TEST,10,F2-MAE-PUBLIC::D1::full_vs_freeuv_conserved,freeuv_conserved,D1-I003,8,-0.006088352169714831,-1.5525298032772819,-0.025050824886220572,-2.5050824886220573,0.002890747475816288,-0.006088352169714831,-0.016731303103391895,-0.010217574657971823,-0.000489681701427741
D1,hidden_uv_mae,EXPLORATORY_SUPPORT_SENSITIVITY_NO_NEW_TEST,10,F2-MAE-PUBLIC::D1::full_vs_freeuv_conserved,freeuv_conserved,D1-I004,7,-0.002722327680515002,-0.6941935585313255,-0.021976066001898782,-2.197606600189878,0.001105954027956449,-0.002722327680515002,-0.0072989577849890686,-0.004047669006379984,0.007877027412791102
D1,hidden_uv_mae,EXPLORATORY_SUPPORT_SENSITIVITY_NO_NEW_TEST,10,F2-MAE-PUBLIC::D1::full_vs_freeuv_conserved,freeuv_conserved,D1-I005,8,-0.010623767284921898,-2.7090606576550837,-0.0933334437796934,-9.33334437796934,-0.01618538066536205,-0.016245613004536315,-0.010066061006986232,-0.010623767284921898,-0.004222168862463037
D1,hidden_uv_mae,EXPLORATORY_SUPPORT_SENSITIVITY_NO_NEW_TEST,10,F2-MAE-PUBLIC::D1::full_vs_freeuv_conserved,freeuv_conserved,D1-I006,8,0.059068465157868094,15.062458615256364,0.27634739404460756,27.634739404460756,0.059068465157868094,0.06893681677473831,0.06142670896934853,0.057570030394864594,0.05897334720478259
D1,hidden_uv_mae,EXPLORATORY_SUPPORT_SENSITIVITY_NO_NEW_TEST,10,F2-MAE-PUBLIC::D1::full_vs_freeuv_conserved,freeuv_conserved,D1-I007,8,0.047961634329713135,12.23021675407685,0.2621155537221795,26.211555372217948,0.0410605302459313,0.03781749880437332,0.05929690766441928,0.050750096328810786,0.047961634329713135
D1,hidden_uv_mae,EXPLORATORY_SUPPORT_SENSITIVITY_NO_NEW_TEST,10,F2-MAE-PUBLIC::D1::full_vs_freeuv_conserved,freeuv_conserved,D1-I008,8,0.043662278453984335,11.133881005766005,0.21860026344856023,21.860026344856024,0.042194519217291226,0.043662278453984335,0.032783844178943006,0.047357315728139684,0.05198213138977603
D1,hidden_uv_mae,EXPLORATORY_SUPPORT_SENSITIVITY_NO_NEW_TEST,10,F2-MAE-PUBLIC::D1::full_vs_freeuv_conserved,freeuv_conserved,D1-I009,7,0.022939260836709968,5.849511513361042,0.12625096157310237,12.625096157310237,0.013614980186504894,0.03452218497020798,0.03553944132808182,0.022939260836709968,0.019910365032653032
D1,hidden_uv_mae,EXPLORATORY_SUPPORT_SENSITIVITY_NO_NEW_TEST,10,F2-MAE-PUBLIC::D1::full_vs_freeuv_conserved,freeuv_conserved,D1-I010,8,0.02723822331263548,6.945746944722047,0.14719776437610735,14.719776437610735,0.028458199201198353,0.02723822331263548,0.024452347601772423,0.02332428401918739,0.028925706876084353
D1,hidden_uv_mae,EXPLORATORY_SUPPORT_SENSITIVITY_NO_NEW_TEST,10,F2-MAE-PUBLIC::D1::full_vs_freeuv_conserved,freeuv_conserved,D1-I011,6,0.013680563165879317,3.488543607299226,0.06241340804860934,6.2413408048609345,0.012416609048052085,0.01614123456330817,0.010571905948524377,0.013680563165879317,0.013808620134024077
D1,hidden_uv_mae,EXPLORATORY_SUPPORT_SENSITIVITY_NO_NEW_TEST,10,F2-MAE-PUBLIC::D1::full_vs_freeuv_conserved,freeuv_conserved,D1-I012,3,-0.002581521403044462,-0.6582879577763379,-0.016102415871375605,-1.6102415871375606,-0.002581521403044462,-0.008538963738828897,-0.009691817135634745,0.005780901096648361,0.0001658361941350439
D1,hidden_uv_mae,EXPLORATORY_SUPPORT_SENSITIVITY_NO_NEW_TEST,10,F2-MAE-PUBLIC::D1::full_vs_freeuv_conserved,freeuv_conserved,D1-I013,3,0.01271532220291155,3.2424071617424453,0.05578877215391715,5.578877215391715,0.010155073064578413,0.03488128405867838,0.01155481524035043,0.033928059114544995,0.01271532220291155
D1,hidden_uv_mae,EXPLORATORY_SUPPORT_SENSITIVITY_NO_NEW_TEST,10,F2-MAE-PUBLIC::D1::full_vs_freeuv_conserved,freeuv_conserved,D1-I014,8,0.015647595029748634,3.990136732585902,0.12946469086345552,12.946469086345552,0.015647595029748634,0.017325586872273514,0.011785309889364999,0.019558087203374784,0.013418570163672962
D1,hidden_uv_mae,EXPLORATORY_SUPPORT_SENSITIVITY_NO_NEW_TEST,10,F2-MAE-PUBLIC::D1::full_vs_freeuv_conserved,freeuv_conserved,D1-I015,7,0.018368655803546408,4.684007229904334,0.08389295042760761,8.38929504276076,0.01707819592783913,0.017742720551979896,0.02079183060682535,0.018368655803546408,0.033119887031788364
D1,hidden_uv_mae,EXPLORATORY_SUPPORT_SENSITIVITY_NO_NEW_TEST,10,F2-MAE-PUBLIC::D1::full_vs_freeuv_conserved,freeuv_conserved,D1-I016,8,0.07479367958930083,19.07238829527171,0.3041107378203142,30.411073782031423,0.07721864908393392,0.07657953172951701,0.06535189077217793,0.07479367958930083,0.07410742264055521
D1,hidden_uv_mae,EXPLORATORY_SUPPORT_SENSITIVITY_NO_NEW_TEST,10,F2-MAE-PUBLIC::D1::full_vs_freeuv_conserved,freeuv_conserved,D1-I017,6,-0.01988318384626815,-5.070211880798379,-0.08302885799959828,-8.302885799959828,-0.0004143836737497131,-0.01988318384626815,-0.02158064940524322,-0.022513388001688922,-0.009337411896784178
D1,hidden_uv_mae,EXPLORATORY_SUPPORT_SENSITIVITY_NO_NEW_TEST,10,F2-MAE-PUBLIC::D1::full_vs_freeuv_conserved,freeuv_conserved,D1-I018,6,0.040536912068799016,10.33691257754375,0.197478908115493,19.7478908115493,0.040536912068799016,0.04602512148401314,0.04408786991082081,0.0347236508127802,0.025069252445669626
D1,hidden_uv_mae,EXPLORATORY_SUPPORT_SENSITIVITY_NO_NEW_TEST,10,F2-MAE-PUBLIC::D1::full_vs_freeuv_conserved,freeuv_conserved,D1-I019,8,-0.008217890180806278,-2.095561996105601,-0.06692199482171227,-6.692199482171227,-0.018466085252701436,-0.00804708217556975,-0.00809729826760533,-0.008217890180806278,-0.012490445065969413
D1,hidden_uv_mae,EXPLORATORY_SUPPORT_SENSITIVITY_NO_NEW_TEST,10,F2-MAE-PUBLIC::D1::full_vs_freeuv_conserved,freeuv_conserved,D1-I020,8,-0.024450530275376105,-6.234885220220907,-0.2384070118650699,-23.84070118650699,-0.02529364504582304,-0.03242703933051619,-0.022881631397842783,-0.024069823134366588,-0.024450530275376105
D1,hidden_uv_mae,EXPLORATORY_SUPPORT_SENSITIVITY_NO_NEW_TEST,20,F1-MAE-ATTRIBUTION::D1::full_vs_condition0,condition0,D1-I001,8,0.0018835157345704484,0.48029651231546433,0.013792688147099146,1.3792688147099146,0.0018835157345704484,-0.0065221836081116175,0.008483544125941475,0.009401352422601955,-0.0007754388998012784
D1,hidden_uv_mae,EXPLORATORY_SUPPORT_SENSITIVITY_NO_NEW_TEST,20,F1-MAE-ATTRIBUTION::D1::full_vs_condition0,condition0,D1-I002,4,-8.071065314968484e-05,-0.020581216553169634,-0.0005343558517825883,-0.05343558517825883,-0.00032397770822079064,-8.071065314968484e-05,0.0006047607210171585,0.0029182340986539518,-0.004034958585683257
D1,hidden_uv_mae,EXPLORATORY_SUPPORT_SENSITIVITY_NO_NEW_TEST,20,F1-MAE-ATTRIBUTION::D1::full_vs_condition0,condition0,D1-I003,5,-0.0005614545351514955,-0.14317090646363134,-0.0030047857558485568,-0.3004785755848557,-0.0005614545351514955,-0.005324104086220638,0.012258855581361194,-0.0018351725891403714,0.004778855850974317
D1,hidden_uv_mae,EXPLORATORY_SUPPORT_SENSITIVITY_NO_NEW_TEST,20,F1-MAE-ATTRIBUTION::D1::full_vs_condition0,condition0,D1-I004,7,-0.0006329293052355356,-0.16139697283506158,-0.004929129392089082,-0.49291293920890816,-0.0006329293052355356,0.008853081007203362,-0.005463115671383467,-0.008531277647353536,0.0025804538690615414
D1,hidden_uv_mae,EXPLORATORY_SUPPORT_SENSITIVITY_NO_NEW_TEST,20,F1-MAE-ATTRIBUTION::D1::full_vs_condition0,condition0,D1-I005,8,-0.0022731103983151812,-0.5796431515703713,-0.0184729254174925,-1.84729254174925,-0.0022731103983151812,0.004020798307073928,-0.009476045288777338,-0.0028801496746553717,0.006665475606918339
D1,hidden_uv_mae,EXPLORATORY_SUPPORT_SENSITIVITY_NO_NEW_TEST,20,F1-MAE-ATTRIBUTION::D1::full_vs_condition0,condition0,D1-I006,8,0.0011553207816450417,0.29460679931948563,0.007046305487755796,0.7046305487755796,-0.0017507655524133386,0.005415063097867823,0.0030870391784516837,-0.0070694596326669745,0.0011553207816450417
D1,hidden_uv_mae,EXPLORATORY_SUPPORT_SENSITIVITY_NO_NEW_TEST,20,F1-MAE-ATTRIBUTION::D1::full_vs_condition0,condition0,D1-I007,8,-0.0035512009538756634,-0.9055562432382942,-0.02556485068200236,-2.556485068200236,0.0018021805154297132,-0.0038422193450898673,-0.0035512009538756634,-0.009123618206609799,-0.001278371394083308
D1,hidden_uv_mae,EXPLORATORY_SUPPORT_SENSITIVITY_NO_NEW_TEST,20,F1-MAE-ATTRIBUTION::D1::full_vs_condition0,condition0,D1-I008,4,0.006715080775531609,1.7123455977605604,0.033515242760445756,3.3515242760445756,0.0021321779077991265,0.008188352537021312,0.003738754811456968,0.00838083545407707,0.006715080775531609
D1,hidden_uv_mae,EXPLORATORY_SUPPORT_SENSITIVITY_NO_NEW_TEST,20,F1-MAE-ATTRIBUTION::D1::full_vs_condition0,condition0,D1-I009,6,-0.0026236339352270904,-0.669026653482908,-0.01582336839333427,-1.582336839333427,0.003313580969130092,-0.00674498821900299,0.00048784599462539657,-0.0026236339352270904,-0.006261639030459537
D1,hidden_uv_mae,EXPLORATORY_SUPPORT_SENSITIVITY_NO_NEW_TEST,20,F1-MAE-ATTRIBUTION::D1::full_vs_condition0,condition0,D1-I010,8,0.0002390149473584513,0.06094881157640508,0.0017704297130305556,0.17704297130305557,-0.014943406055758245,0.002199047695224471,-0.004625771452800902,0.0002390149473584513,0.005376341547407862
D1,hidden_uv_mae,EXPLORATORY_SUPPORT_SENSITIVITY_NO_NEW_TEST,20,F1-MAE-ATTRIBUTION::D1::full_vs_condition0,condition0,D1-I011,6,-0.0035722049747657497,-0.9109122685652662,-0.018209392559308913,-1.8209392559308912,-0.007498371169950044,0.0018797894770341411,-0.005086922086822737,0.002325045421493782,-0.0035722049747657497
D1,hidden_uv_mae,EXPLORATORY_SUPPORT_SENSITIVITY_NO_NEW_TEST,20,F1-MAE-ATTRIBUTION::D1::full_vs_condition0,condition0,D1-I012,3,0.004948771870755514,1.261936827042656,0.02804713875087519,2.804713875087519,-0.00033575511898667476,-0.014977230325147695,0.004948771870755514,0.011874952151145785,0.0069908095709173
D1,hidden_uv_mae,EXPLORATORY_SUPPORT_SENSITIVITY_NO_NEW_TEST,20,F1-MAE-ATTRIBUTION::D1::full_vs_condition0,condition0,D1-I013,2,0.008743333774681339,2.2295501125437416,0.03982440114197099,3.9824401141970993,0.026284415779296452,0.013400091682088833,0.0025791380936518726,-0.0006974871696788371,0.008743333774681339
D1,hidden_uv_mae,EXPLORATORY_SUPPORT_SENSITIVITY_NO_NEW_TEST,20,F1-MAE-ATTRIBUTION::D1::full_vs_condition0,condition0,D1-I014,8,0.002065108587094723,0.5266026897091544,0.019563979552775997,1.9563979552775996,0.0010184777154845087,0.002556710345932557,0.003693289602873885,0.002065108587094723,-0.0032534060269053602
D1,hidden_uv_mae,EXPLORATORY_SUPPORT_SENSITIVITY_NO_NEW_TEST,20,F1-MAE-ATTRIBUTION::D1::full_vs_condition0,condition0,D1-I015,4,-0.0006043717427875323,-0.1541147944108207,-0.0033565167426924843,-0.3356516742692484,0.0063107918138419344,-0.0006043717427875323,-0.01267007309867775,-0.002474623580842661,0.00026603097573429935
D1,hidden_uv_mae,EXPLORATORY_SUPPORT_SENSITIVITY_NO_NEW_TEST,20,F1-MAE-ATTRIBUTION::D1::full_vs_condition0,condition0,D1-I016,8,0.0035227297031017596,0.8982960742909487,0.02131941411445725,2.131941411445725,0.0035227297031017596,0.004068707289989176,-0.006395459500171702,0.004356173583955486,0.002970659678559723
D1,hidden_uv_mae,EXPLORATORY_SUPPORT_SENSITIVITY_NO_NEW_TEST,20,F1-MAE-ATTRIBUTION::D1::full_vs_condition0,condition0,D1-I017,4,-0.0021311055277254687,-0.5434319095699945,-0.010351384651614642,-1.0351384651614643,0.010693088605930073,-0.00254806984145399,-0.0021311055277254687,-0.0027506880481721063,0.010731415999716429
D1,hidden_uv_mae,EXPLORATORY_SUPPORT_SENSITIVITY_NO_NEW_TEST,20,F1-MAE-ATTRIBUTION::D1::full_vs_condition0,condition0,D1-I018,4,0.00043611057107821594,0.11120819562494506,0.0025884860770867975,0.25884860770867973,0.00043611057107821594,0.006385273952244336,0.006093348593741638,-0.003173483266350141,-0.004476611567573327
D1,hidden_uv_mae,EXPLORATORY_SUPPORT_SENSITIVITY_NO_NEW_TEST,20,F1-MAE-ATTRIBUTION::D1::full_vs_condition0,condition0,D1-I019,6,0.005392311857729128,1.3750395237209276,0.03729693996959907,3.7296939969599068,0.010236900366045715,0.005582698078749178,0.0024917385240016965,0.005392311857729128,0.0014223533604046795
D1,hidden_uv_mae,EXPLORATORY_SUPPORT_SENSITIVITY_NO_NEW_TEST,20,F1-MAE-ATTRIBUTION::D1::full_vs_condition0,condition0,D1-I020,8,-0.003234142794225514,-0.8247064125275061,-0.024993126810041243,-2.4993126810041244,-0.009726589201086787,-0.003234142794225514,0.0023065963428389596,0.002413115209827732,-0.003609042688086213
D1,hidden_uv_mae,EXPLORATORY_SUPPORT_SENSITIVITY_NO_NEW_TEST,20,F1-MAE-ATTRIBUTION::D1::full_vs_b_lite_ft,b_lite_ft,D1-I001,8,-0.04072970203736034,-10.386074019526886,-0.454340873165869,-45.434087316586904,-0.039339618583217384,-0.03473844572982312,-0.049785547375771594,-0.04760926601935237,-0.04072970203736034
D1,hidden_uv_mae,EXPLORATORY_SUPPORT_SENSITIVITY_NO_NEW_TEST,20,F1-MAE-ATTRIBUTION::D1::full_vs_b_lite_ft,b_lite_ft,D1-I002,4,-0.07695082793060462,-19.622461122304177,-0.9352280722504506,-93.52280722504506,-0.07695082793060462,-0.07406442508338171,-0.07773578217584637,-0.07516324344697874,-0.07739080905389206
D1,hidden_uv_mae,EXPLORATORY_SUPPORT_SENSITIVITY_NO_NEW_TEST,20,F1-MAE-ATTRIBUTION::D1::full_vs_b_lite_ft,b_lite_ft,D1-I003,5,-0.018799358801472765,-4.793836494375555,-0.09025492502781947,-9.025492502781947,0.0029104617687891188,-0.015324814889416005,-0.02330171185656915,-0.018799358801472765,-0.030325858188527066
D1,hidden_uv_mae,EXPLORATORY_SUPPORT_SENSITIVITY_NO_NEW_TEST,20,F1-MAE-ATTRIBUTION::D1::full_vs_b_lite_ft,b_lite_ft,D1-I004,7,-0.040531650121904836,-10.335570781085734,-0.5069634235620826,-50.696342356208255,-0.044250345093752044,-0.040531650121904836,-0.03809072522051406,-0.04610673928012449,-0.03419716691686993
D1,hidden_uv_mae,EXPLORATORY_SUPPORT_SENSITIVITY_NO_NEW_TEST,20,F1-MAE-ATTRIBUTION::D1::full_vs_b_lite_ft,b_lite_ft,D1-I005,8,-0.0499236684053814,-12.730535443372258,-0.687555172687052,-68.7555172687052,-0.05287842650930371,-0.0499236684053814,-0.05219539590174471,-0.04042242663301653,-0.04233089002829039
D1,hidden_uv_mae,EXPLORATORY_SUPPORT_SENSITIVITY_NO_NEW_TEST,20,F1-MAE-ATTRIBUTION::D1::full_vs_b_lite_ft,b_lite_ft,D1-I006,8,-0.03495743855061555,-8.914146830406965,-0.2822842058663378,-28.228420586633778,-0.03495743855061555,-0.025786425799122846,-0.04633714221933226,-0.03698902437237918,-0.028479662284885764
D1,hidden_uv_mae,EXPLORATORY_SUPPORT_SENSITIVITY_NO_NEW_TEST,20,F1-MAE-ATTRIBUTION::D1::full_vs_b_lite_ft,b_lite_ft,D1-I007,8,-0.01741134836155106,-4.43989383219552,-0.13816466297420996,-13.816466297420996,-0.01741134836155106,-0.03085846221154768,-0.01518002820957421,-0.02491743719692758,-0.01674899499778368
D1,hidden_uv_mae,EXPLORATORY_SUPPORT_SENSITIVITY_NO_NEW_TEST,20,F1-MAE-ATTRIBUTION::D1::full_vs_b_lite_ft,b_lite_ft,D1-I008,4,-0.06297137588414455,-16.057700850456857,-0.4316887683059545,-43.16887683059545,-0.06340744253713892,-0.040854043473939367,-0.06297137588414455,-0.0637220318057388,-0.04716478454011307
D1,hidden_uv_mae,EXPLORATORY_SUPPORT_SENSITIVITY_NO_NEW_TEST,20,F1-MAE-ATTRIBUTION::D1::full_vs_b_lite_ft,b_lite_ft,D1-I009,6,-0.015406496881335843,-3.92865670474064,-0.09474800446492716,-9.474800446492717,-0.02113756911732534,-0.012153319002669541,-0.022501870810362187,-0.015143977790195912,-0.015406496881335843
D1,hidden_uv_mae,EXPLORATORY_SUPPORT_SENSITIVITY_NO_NEW_TEST,20,F1-MAE-ATTRIBUTION::D1::full_vs_b_lite_ft,b_lite_ft,D1-I010,8,-0.03429205229504721,-8.74447333523704,-0.29233483018146234,-29.233483018146234,-0.039179026401740494,-0.03067846904976783,-0.03258101215387135,-0.036427799486557395,-0.03429205229504721
D1,hidden_uv_mae,EXPLORATORY_SUPPORT_SENSITIVITY_NO_NEW_TEST,20,F1-MAE-ATTRIBUTION::D1::full_vs_b_lite_ft,b_lite_ft,D1-I011,6,-0.03950154733537558,-10.072894570520774,-0.24207717535060663,-24.207717535060663,-0.03950154733537558,-0.018954180425856823,-0.04136892679160151,-0.027767883309039065,-0.04739738926216207
D1,hidden_uv_mae,EXPLORATORY_SUPPORT_SENSITIVITY_NO_NEW_TEST,20,F1-MAE-ATTRIBUTION::D1::full_vs_b_lite_ft,b_lite_ft,D1-I012,3,-0.02099401576760987,-5.353474020740516,-0.13930877696958388,-13.930877696958389,-0.011293323345762607,-0.030878673412688518,-0.02166236486140785,-0.02099401576760987,-0.020729482410676126
D1,hidden_uv_mae,EXPLORATORY_SUPPORT_SENSITIVITY_NO_NEW_TEST,20,F1-MAE-ATTRIBUTION::D1::full_vs_b_lite_ft,b_lite_ft,D1-I013,2,-0.01769783002425608,-4.5129466561853,-0.09164827235217488,-9.164827235217487,-0.009210020041727746,-0.032477120472907434,-0.017665433502040792,-0.040628774546004914,-0.01769783002425608
D1,hidden_uv_mae,EXPLORATORY_SUPPORT_SENSITIVITY_NO_NEW_TEST,20,F1-MAE-ATTRIBUTION::D1::full_vs_b_lite_ft,b_lite_ft,D1-I014,8,-0.05695646299828144,-14.523898064561768,-1.032337227645275,-103.23372276452749,-0.05872157823669168,-0.05695646299828144,-0.049270655047674035,-0.04900504763965019,-0.06018528655330549
D1,hidden_uv_mae,EXPLORATORY_SUPPORT_SENSITIVITY_NO_NEW_TEST,20,F1-MAE-ATTRIBUTION::D1::full_vs_b_lite_ft,b_lite_ft,D1-I015,4,-0.06861552534148196,-17.4969589620779,-0.5994084679770514,-59.94084679770514,-0.06988278538774326,-0.06339817932625136,-0.06962265883655591,-0.06861552534148196,-0.06052753491923699
D1,hidden_uv_mae,EXPLORATORY_SUPPORT_SENSITIVITY_NO_NEW_TEST,20,F1-MAE-ATTRIBUTION::D1::full_vs_b_lite_ft,b_lite_ft,D1-I016,8,-0.05029972083142677,-12.826428812013825,-0.4544764742933058,-45.44764742933058,-0.053534282483196916,-0.04946366205819154,-0.053358006980754664,-0.04178494444856072,-0.05029972083142677
D1,hidden_uv_mae,EXPLORATORY_SUPPORT_SENSITIVITY_NO_NEW_TEST,20,F1-MAE-ATTRIBUTION::D1::full_vs_b_lite_ft,b_lite_ft,D1-I017,4,-0.015779130432831218,-4.023678260371961,-0.0875477202474019,-8.75477202474019,-0.010820782303007079,-0.015779130432831218,-0.029463104562121964,-0.032016059661265264,-0.010799257390876324
D1,hidden_uv_mae,EXPLORATORY_SUPPORT_SENSITIVITY_NO_NEW_TEST,20,F1-MAE-ATTRIBUTION::D1::full_vs_b_lite_ft,b_lite_ft,D1-I018,4,-0.048673261123060696,-12.411681586380478,-0.39190773135428075,-39.190773135428074,-0.048673261123060696,-0.0374661478610637,-0.043793377881786555,-0.051243877004141944,-0.04943134257441444
D1,hidden_uv_mae,EXPLORATORY_SUPPORT_SENSITIVITY_NO_NEW_TEST,20,F1-MAE-ATTRIBUTION::D1::full_vs_b_lite_ft,b_lite_ft,D1-I019,6,-0.04089442581676855,-10.42807858327598,-0.4075994379832709,-40.75994379832709,-0.04294932685250739,-0.030913890229319452,-0.033748749309992845,-0.04207292052244249,-0.04089442581676855
D1,hidden_uv_mae,EXPLORATORY_SUPPORT_SENSITIVITY_NO_NEW_TEST,20,F1-MAE-ATTRIBUTION::D1::full_vs_b_lite_ft,b_lite_ft,D1-I020,8,-0.03043793454160995,-7.761673308110537,-0.3288258087166355,-32.88258087166355,-0.03043793454160995,-0.04834237523475342,-0.029047510728231356,-0.02088183479604598,-0.030810060156014306
D1,hidden_uv_mae,EXPLORATORY_SUPPORT_SENSITIVITY_NO_NEW_TEST,20,F2-MAE-PUBLIC::D1::full_vs_freeuv_conserved,freeuv_conserved,D1-I001,8,-0.017029500415918247,-4.342522606059153,-0.14635361494288895,-14.635361494288896,-0.02245180165788871,-0.017029500415918247,-0.01619764886056193,-0.02503871139836312,-0.008665531437697646
D1,hidden_uv_mae,EXPLORATORY_SUPPORT_SENSITIVITY_NO_NEW_TEST,20,F2-MAE-PUBLIC::D1::full_vs_freeuv_conserved,freeuv_conserved,D1-I002,4,0.021583664887384835,5.503834546283133,0.12376827947372823,12.376827947372822,0.016756177185348983,0.02414228804102131,0.02655787754072797,0.01486836592362864,0.021583664887384835
D1,hidden_uv_mae,EXPLORATORY_SUPPORT_SENSITIVITY_NO_NEW_TEST,20,F2-MAE-PUBLIC::D1::full_vs_freeuv_conserved,freeuv_conserved,D1-I003,5,-0.014919647888380017,-3.804510211536904,-0.06391615155315021,-6.391615155315021,-0.007071182389491754,-0.006969859763304775,-0.019217886663611655,-0.014919647888380017,-0.023137926193358055
D1,hidden_uv_mae,EXPLORATORY_SUPPORT_SENSITIVITY_NO_NEW_TEST,20,F2-MAE-PUBLIC::D1::full_vs_freeuv_conserved,freeuv_conserved,D1-I004,7,-0.002722327680515002,-0.6941935585313255,-0.021976066001898782,-2.197606600189878,0.001105954027956449,-0.002722327680515002,-0.0072989577849890686,-0.004047669006379984,0.007877027412791102
D1,hidden_uv_mae,EXPLORATORY_SUPPORT_SENSITIVITY_NO_NEW_TEST,20,F2-MAE-PUBLIC::D1::full_vs_freeuv_conserved,freeuv_conserved,D1-I005,8,-0.010623767284921898,-2.7090606576550837,-0.0933334437796934,-9.33334437796934,-0.01618538066536205,-0.016245613004536315,-0.010066061006986232,-0.010623767284921898,-0.004222168862463037
D1,hidden_uv_mae,EXPLORATORY_SUPPORT_SENSITIVITY_NO_NEW_TEST,20,F2-MAE-PUBLIC::D1::full_vs_freeuv_conserved,freeuv_conserved,D1-I006,8,0.059068465157868094,15.062458615256364,0.27634739404460756,27.634739404460756,0.059068465157868094,0.06893681677473831,0.06142670896934853,0.057570030394864594,0.05897334720478259
D1,hidden_uv_mae,EXPLORATORY_SUPPORT_SENSITIVITY_NO_NEW_TEST,20,F2-MAE-PUBLIC::D1::full_vs_freeuv_conserved,freeuv_conserved,D1-I007,8,0.047961634329713135,12.23021675407685,0.2621155537221795,26.211555372217948,0.0410605302459313,0.03781749880437332,0.05929690766441928,0.050750096328810786,0.047961634329713135
D1,hidden_uv_mae,EXPLORATORY_SUPPORT_SENSITIVITY_NO_NEW_TEST,20,F2-MAE-PUBLIC::D1::full_vs_freeuv_conserved,freeuv_conserved,D1-I008,4,0.02763834793896469,7.047778724435997,0.12484956792300408,12.484956792300409,0.02763834793896469,0.037400176693409365,0.023041348321375985,0.027166685076563904,0.030016224521932283
D1,hidden_uv_mae,EXPLORATORY_SUPPORT_SENSITIVITY_NO_NEW_TEST,20,F2-MAE-PUBLIC::D1::full_vs_freeuv_conserved,freeuv_conserved,D1-I009,6,0.021611490714480097,5.510930132192425,0.11588407398349924,11.588407398349924,0.015534079112766247,0.0277545932124363,0.021611490714480097,0.02659757300529353,0.015566853747666143
D1,hidden_uv_mae,EXPLORATORY_SUPPORT_SENSITIVITY_NO_NEW_TEST,20,F2-MAE-PUBLIC::D1::full_vs_freeuv_conserved,freeuv_conserved,D1-I010,8,0.02723822331263548,6.945746944722047,0.14719776437610735,14.719776437610735,0.028458199201198353,0.02723822331263548,0.024452347601772423,0.02332428401918739,0.028925706876084353
D1,hidden_uv_mae,EXPLORATORY_SUPPORT_SENSITIVITY_NO_NEW_TEST,20,F2-MAE-PUBLIC::D1::full_vs_freeuv_conserved,freeuv_conserved,D1-I011,6,0.013680563165879317,3.488543607299226,0.06241340804860934,6.2413408048609345,0.012416609048052085,0.01614123456330817,0.010571905948524377,0.013680563165879317,0.013808620134024077
D1,hidden_uv_mae,EXPLORATORY_SUPPORT_SENSITIVITY_NO_NEW_TEST,20,F2-MAE-PUBLIC::D1::full_vs_freeuv_conserved,freeuv_conserved,D1-I012,3,-0.002581521403044462,-0.6582879577763379,-0.016102415871375605,-1.6102415871375606,-0.002581521403044462,-0.008538963738828897,-0.009691817135634745,0.005780901096648361,0.0001658361941350439
D1,hidden_uv_mae,EXPLORATORY_SUPPORT_SENSITIVITY_NO_NEW_TEST,20,F2-MAE-PUBLIC::D1::full_vs_freeuv_conserved,freeuv_conserved,D1-I013,2,0.036963354801060916,9.425655474270533,0.14280040124201282,14.280040124201282,0.050735207828459986,0.030863498804820144,0.036963354801060916,0.03400587140183363,0.0480424787920828
D1,hidden_uv_mae,EXPLORATORY_SUPPORT_SENSITIVITY_NO_NEW_TEST,20,F2-MAE-PUBLIC::D1::full_vs_freeuv_conserved,freeuv_conserved,D1-I014,8,0.015647595029748634,3.990136732585902,0.12946469086345552,12.946469086345552,0.015647595029748634,0.017325586872273514,0.011785309889364999,0.019558087203374784,0.013418570163672962
D1,hidden_uv_mae,EXPLORATORY_SUPPORT_SENSITIVITY_NO_NEW_TEST,20,F2-MAE-PUBLIC::D1::full_vs_freeuv_conserved,freeuv_conserved,D1-I015,4,0.01910418553354233,4.871567311053294,0.09124776748646161,9.12477674864616,0.01521418670501648,0.021014438694614404,0.01910418553354233,0.016110950106467417,0.025076606522245817
D1,hidden_uv_mae,EXPLORATORY_SUPPORT_SENSITIVITY_NO_NEW_TEST,20,F2-MAE-PUBLIC::D1::full_vs_freeuv_conserved,freeuv_conserved,D1-I016,8,0.07479367958930083,19.07238829527171,0.3041107378203142,30.411073782031423,0.07721864908393392,0.07657953172951701,0.06535189077217793,0.07479367958930083,0.07410742264055521
D1,hidden_uv_mae,EXPLORATORY_SUPPORT_SENSITIVITY_NO_NEW_TEST,20,F2-MAE-PUBLIC::D1::full_vs_freeuv_conserved,freeuv_conserved,D1-I017,4,-0.01988318384626815,-5.070211880798379,-0.11815946432342313,-11.815946432342313,-0.0004143836737497131,-0.01988318384626815,-0.02158064940524322,-0.022513388001688922,-0.009337411896784178
D1,hidden_uv_mae,EXPLORATORY_SUPPORT_SENSITIVITY_NO_NEW_TEST,20,F2-MAE-PUBLIC::D1::full_vs_freeuv_conserved,freeuv_conserved,D1-I018,4,0.03014027826605313,7.685770957843548,0.16132531226278307,16.132531226278306,0.03202039220693641,0.02917534182924557,0.03014027826605313,0.031132465480981378,0.025069252445669626
D1,hidden_uv_mae,EXPLORATORY_SUPPORT_SENSITIVITY_NO_NEW_TEST,20,F2-MAE-PUBLIC::D1::full_vs_freeuv_conserved,freeuv_conserved,D1-I019,6,-0.023302325041196295,-5.942092885505056,-0.19192103111031322,-19.192103111031322,-0.02380773661984499,-0.0238321275074935,-0.023302325041196295,-0.01997980227275563,-0.021969522497621588
D1,hidden_uv_mae,EXPLORATORY_SUPPORT_SENSITIVITY_NO_NEW_TEST,20,F2-MAE-PUBLIC::D1::full_vs_freeuv_conserved,freeuv_conserved,D1-I020,8,-0.024450530275376105,-6.234885220220907,-0.2384070118650699,-23.84070118650699,-0.02529364504582304,-0.03242703933051619,-0.022881631397842783,-0.024069823134366588,-0.024450530275376105
D1,hidden_uv_mae,EXPLORATORY_SUPPORT_SENSITIVITY_NO_NEW_TEST,50,F1-MAE-ATTRIBUTION::D1::full_vs_condition0,condition0,D1-I001,7,0.0019628891583394203,0.5005367353765522,0.013706517012800491,1.3706517012800492,0.0019628891583394203,-0.010048194247999326,0.006816758886798391,0.008411066636927728,0.000663518661532303
D1,hidden_uv_mae,EXPLORATORY_SUPPORT_SENSITIVITY_NO_NEW_TEST,50,F1-MAE-ATTRIBUTION::D1::full_vs_condition0,condition0,D1-I002,4,-8.071065314968484e-05,-0.020581216553169634,-0.0005343558517825883,-0.05343558517825883,-0.00032397770822079064,-8.071065314968484e-05,0.0006047607210171585,0.0029182340986539518,-0.004034958585683257
D1,hidden_uv_mae,EXPLORATORY_SUPPORT_SENSITIVITY_NO_NEW_TEST,50,F1-MAE-ATTRIBUTION::D1::full_vs_condition0,condition0,D1-I003,4,0.00242304340540872,0.6178760683792237,0.010473278251204957,1.0473278251204956,0.00242304340540872,-0.007064932254626288,0.011058513724919894,-0.014737618885350065,0.005802171082728652
D1,hidden_uv_mae,EXPLORATORY_SUPPORT_SENSITIVITY_NO_NEW_TEST,50,F1-MAE-ATTRIBUTION::D1::full_vs_condition0,condition0,D1-I004,6,-0.0024909047487363944,-0.6351807109277806,-0.01931584393269299,-1.931584393269299,-0.0024909047487363944,0.006582188894638109,-0.0069278030561533074,-0.004884094224649423,0.0024254015297938067
D1,hidden_uv_mae,EXPLORATORY_SUPPORT_SENSITIVITY_NO_NEW_TEST,50,F1-MAE-ATTRIBUTION::D1::full_vs_condition0,condition0,D1-I005,7,-0.0014240770810103193,-0.3631396556576314,-0.011507188684997362,-1.1507188684997363,-0.0014240770810103193,0.008847353814189426,-0.017429924473680303,-0.004166431510928034,0.0037655493915081106
D1,hidden_uv_mae,EXPLORATORY_SUPPORT_SENSITIVITY_NO_NEW_TEST,50,F1-MAE-ATTRIBUTION::D1::full_vs_condition0,condition0,D1-I006,7,0.0014620087337943732,0.3728122271175652,0.0087032946508842,0.8703294650884199,-0.001153298077129189,0.004959069852318088,0.0026425881561828735,-0.004960451409354916,0.0014620087337943732
D1,hidden_uv_mae,EXPLORATORY_SUPPORT_SENSITIVITY_NO_NEW_TEST,50,F1-MAE-ATTRIBUTION::D1::full_vs_condition0,condition0,D1-I007,4,-0.0038422193450898673,-0.9797659329979161,-0.025991692072650743,-2.5991692072650743,-0.0074519297353659655,-0.0038422193450898673,0.009762804047545287,-0.009123618206609799,0.006667463576384619
D1,hidden_uv_mae,EXPLORATORY_SUPPORT_SENSITIVITY_NO_NEW_TEST,50,F1-MAE-ATTRIBUTION::D1::full_vs_condition0,condition0,D1-I008,4,0.006715080775531609,1.7123455977605604,0.033515242760445756,3.3515242760445756,0.0021321779077991265,0.008188352537021312,0.003738754811456968,0.00838083545407707,0.006715080775531609
D1,hidden_uv_mae,EXPLORATORY_SUPPORT_SENSITIVITY_NO_NEW_TEST,50,F1-MAE-ATTRIBUTION::D1::full_vs_condition0,condition0,D1-I009,3,-0.0032406842371445754,-0.8263744804718667,-0.020322860995079246,-2.0322860995079246,0.005515762646992994,-0.008125099139715625,-0.0032406842371445754,-0.006415846997392394,-0.0030932183899803345
D1,hidden_uv_mae,EXPLORATORY_SUPPORT_SENSITIVITY_NO_NEW_TEST,50,F1-MAE-ATTRIBUTION::D1::full_vs_condition0,condition0,D1-I010,6,-0.0008285643007510807,-0.21128389669152559,-0.00595219455232347,-0.595219455232347,-0.014943406055758245,-0.0008285643007510807,0.002531583342634633,-0.002515407497061445,0.005376341547407862
D1,hidden_uv_mae,EXPLORATORY_SUPPORT_SENSITIVITY_NO_NEW_TEST,50,F1-MAE-ATTRIBUTION::D1::full_vs_condition0,condition0,D1-I011,5,0.0007899422375928777,0.20143527058618382,0.003815964070328082,0.3815964070328082,-0.004423403338846249,0.005355150498255662,-0.007585860735698613,0.0017387876077910591,0.0007899422375928777
D1,hidden_uv_mae,EXPLORATORY_SUPPORT_SENSITIVITY_NO_NEW_TEST,50,F1-MAE-ATTRIBUTION::D1::full_vs_condition0,condition0,D1-I012,3,0.004948771870755514,1.261936827042656,0.02804713875087519,2.804713875087519,-0.00033575511898667476,-0.014977230325147695,0.004948771870755514,0.011874952151145785,0.0069908095709173
D1,hidden_uv_mae,EXPLORATORY_SUPPORT_SENSITIVITY_NO_NEW_TEST,50,F1-MAE-ATTRIBUTION::D1::full_vs_condition0,condition0,D1-I013,1,-0.01715736158001116,-4.375127202902846,-0.08248485628074322,-8.248485628074322,0.029090956649464428,0.01430395697681311,-0.01715736158001116,-0.022783138431035577,-0.021336983157019346
D1,hidden_uv_mae,EXPLORATORY_SUPPORT_SENSITIVITY_NO_NEW_TEST,50,F1-MAE-ATTRIBUTION::D1::full_vs_condition0,condition0,D1-I014,5,0.0002576568303934157,0.065702491750321,0.00241661815754615,0.24166181575461498,0.0002576568303934157,0.0027176560498438362,1.0047950712535614e-05,0.0053382904601616266,-0.004249567599320894
D1,hidden_uv_mae,EXPLORATORY_SUPPORT_SENSITIVITY_NO_NEW_TEST,50,F1-MAE-ATTRIBUTION::D1::full_vs_condition0,condition0,D1-I015,4,-0.0006043717427875323,-0.1541147944108207,-0.0033565167426924843,-0.3356516742692484,0.0063107918138419344,-0.0006043717427875323,-0.01267007309867775,-0.002474623580842661,0.00026603097573429935
D1,hidden_uv_mae,EXPLORATORY_SUPPORT_SENSITIVITY_NO_NEW_TEST,50,F1-MAE-ATTRIBUTION::D1::full_vs_condition0,condition0,D1-I016,8,0.0035227297031017596,0.8982960742909487,0.02131941411445725,2.131941411445725,0.0035227297031017596,0.004068707289989176,-0.006395459500171702,0.004356173583955486,0.002970659678559723
D1,hidden_uv_mae,EXPLORATORY_SUPPORT_SENSITIVITY_NO_NEW_TEST,50,F1-MAE-ATTRIBUTION::D1::full_vs_condition0,condition0,D1-I017,3,0.0018497967031053386,0.4716981592918613,0.008021749401880328,0.8021749401880327,0.012027716847381215,-0.005485560153684926,0.0018497967031053386,0.0002484583833311793,0.010467740636999873
D1,hidden_uv_mae,EXPLORATORY_SUPPORT_SENSITIVITY_NO_NEW_TEST,50,F1-MAE-ATTRIBUTION::D1::full_vs_condition0,condition0,D1-I018,4,0.00043611057107821594,0.11120819562494506,0.0025884860770867975,0.25884860770867973,0.00043611057107821594,0.006385273952244336,0.006093348593741638,-0.003173483266350141,-0.004476611567573327
D1,hidden_uv_mae,EXPLORATORY_SUPPORT_SENSITIVITY_NO_NEW_TEST,50,F1-MAE-ATTRIBUTION::D1::full_vs_condition0,condition0,D1-I019,6,0.005392311857729128,1.3750395237209276,0.03729693996959907,3.7296939969599068,0.010236900366045715,0.005582698078749178,0.0024917385240016965,0.005392311857729128,0.0014223533604046795
D1,hidden_uv_mae,EXPLORATORY_SUPPORT_SENSITIVITY_NO_NEW_TEST,50,F1-MAE-ATTRIBUTION::D1::full_vs_condition0,condition0,D1-I020,6,-0.0046079279665371675,-1.1750216314669777,-0.0339539760762609,-3.39539760762609,-0.009726589201086787,-0.007124324372579774,-0.0046079279665371675,0.007868510162580333,-0.003609042688086213
D1,hidden_uv_mae,EXPLORATORY_SUPPORT_SENSITIVITY_NO_NEW_TEST,50,F1-MAE-ATTRIBUTION::D1::full_vs_b_lite_ft,b_lite_ft,D1-I001,7,-0.049318825477749365,-12.576300496826088,-0.5735442859817957,-57.354428598179574,-0.04070288466849947,-0.049318825477749365,-0.05639693371908008,-0.05827607637980864,-0.029965777495285353
D1,hidden_uv_mae,EXPLORATORY_SUPPORT_SENSITIVITY_NO_NEW_TEST,50,F1-MAE-ATTRIBUTION::D1::full_vs_b_lite_ft,b_lite_ft,D1-I002,4,-0.07695082793060462,-19.622461122304177,-0.9352280722504506,-93.52280722504506,-0.07695082793060462,-0.07406442508338171,-0.07773578217584637,-0.07516324344697874,-0.07739080905389206
D1,hidden_uv_mae,EXPLORATORY_SUPPORT_SENSITIVITY_NO_NEW_TEST,50,F1-MAE-ATTRIBUTION::D1::full_vs_b_lite_ft,b_lite_ft,D1-I003,4,-0.04182897003568514,-10.666387359099712,-0.2331536081667674,-23.31536081667674,-0.030707704465056745,-0.04182897003568514,-0.04765670961232156,-0.03750241867779404,-0.04978838843831221
D1,hidden_uv_mae,EXPLORATORY_SUPPORT_SENSITIVITY_NO_NEW_TEST,50,F1-MAE-ATTRIBUTION::D1::full_vs_b_lite_ft,b_lite_ft,D1-I004,6,-0.0449080719015452,-11.451558334894026,-0.5315355621415073,-53.15355621415073,-0.0449080719015452,-0.05044018972508844,-0.042002281069642655,-0.04792881422873698,-0.036931309249707736
D1,hidden_uv_mae,EXPLORATORY_SUPPORT_SENSITIVITY_NO_NEW_TEST,50,F1-MAE-ATTRIBUTION::D1::full_vs_b_lite_ft,b_lite_ft,D1-I005,7,-0.04519664761954484,-11.525145142983934,-0.680641635789817,-68.06416357898169,-0.05295011895740854,-0.04519664761954484,-0.052943123801965114,-0.04435479442486372,-0.04444417858193088
D1,hidden_uv_mae,EXPLORATORY_SUPPORT_SENSITIVITY_NO_NEW_TEST,50,F1-MAE-ATTRIBUTION::D1::full_vs_b_lite_ft,b_lite_ft,D1-I006,7,-0.037091776399487936,-9.458402981869424,-0.3001433503391941,-30.01433503391941,-0.037566286224856166,-0.02584606296959377,-0.048918550168294966,-0.037091776399487936,-0.0349249906199319
D1,hidden_uv_mae,EXPLORATORY_SUPPORT_SENSITIVITY_NO_NEW_TEST,50,F1-MAE-ATTRIBUTION::D1::full_vs_b_lite_ft,b_lite_ft,D1-I007,4,-0.002888559829092016,-0.7365827564184642,-0.02230530100330374,-2.2305301003303737,-0.002888559829092016,-0.011035903876003908,0.003984864666658927,0.015119985838060554,-0.00320971675107784
D1,hidden_uv_mae,EXPLORATORY_SUPPORT_SENSITIVITY_NO_NEW_TEST,50,F1-MAE-ATTRIBUTION::D1::full_vs_b_lite_ft,b_lite_ft,D1-I008,4,-0.06297137588414455,-16.057700850456857,-0.4316887683059545,-43.16887683059545,-0.06340744253713892,-0.040854043473939367,-0.06297137588414455,-0.0637220318057388,-0.04716478454011307
D1,hidden_uv_mae,EXPLORATORY_SUPPORT_SENSITIVITY_NO_NEW_TEST,50,F1-MAE-ATTRIBUTION::D1::full_vs_b_lite_ft,b_lite_ft,D1-I009,3,-0.047088784647142584,-12.00764008502136,-0.42998751788661205,-42.9987517886612,-0.03911125725748653,-0.047088784647142584,-0.05619696948580638,-0.04898840919166744,-0.04198036638056922
D1,hidden_uv_mae,EXPLORATORY_SUPPORT_SENSITIVITY_NO_NEW_TEST,50,F1-MAE-ATTRIBUTION::D1::full_vs_b_lite_ft,b_lite_ft,D1-I010,6,-0.05005024716030244,-12.762813025877122,-0.6161342846824144,-61.61342846824144,-0.05159933422259294,-0.04326734549090891,-0.03752430919681078,-0.05005024716030244,-0.05623108863585419
D1,hidden_uv_mae,EXPLORATORY_SUPPORT_SENSITIVITY_NO_NEW_TEST,50,F1-MAE-ATTRIBUTION::D1::full_vs_b_lite_ft,b_lite_ft,D1-I011,5,-0.034409327648472085,-8.774378550360382,-0.2061235293585279,-20.61235293585279,-0.034409327648472085,0.00017037998506988505,-0.035571809798319726,-0.009779240207179712,-0.03632604895216046
D1,hidden_uv_mae,EXPLORATORY_SUPPORT_SENSITIVITY_NO_NEW_TEST,50,F1-MAE-ATTRIBUTION::D1::full_vs_b_lite_ft,b_lite_ft,D1-I012,3,-0.02099401576760987,-5.353474020740516,-0.13930877696958388,-13.930877696958389,-0.011293323345762607,-0.030878673412688518,-0.02166236486140785,-0.02099401576760987,-0.020729482410676126
D1,hidden_uv_mae,EXPLORATORY_SUPPORT_SENSITIVITY_NO_NEW_TEST,50,F1-MAE-ATTRIBUTION::D1::full_vs_b_lite_ft,b_lite_ft,D1-I013,1,-0.03992767097094119,-10.181556097590002,-0.22451927229043697,-22.451927229043697,-0.03992767097094119,-0.02941636269928044,-0.028745763163026572,-0.061628334033183574,-0.04896030721501407
D1,hidden_uv_mae,EXPLORATORY_SUPPORT_SENSITIVITY_NO_NEW_TEST,50,F1-MAE-ATTRIBUTION::D1::full_vs_b_lite_ft,b_lite_ft,D1-I014,5,-0.04807980489365908,-12.260350247883066,-0.7814624547619575,-78.14624547619576,-0.059052220280016506,-0.04807980489365908,-0.04664559558439417,-0.041171341805028266,-0.04836960527665761
D1,hidden_uv_mae,EXPLORATORY_SUPPORT_SENSITIVITY_NO_NEW_TEST,50,F1-MAE-ATTRIBUTION::D1::full_vs_b_lite_ft,b_lite_ft,D1-I015,4,-0.06861552534148196,-17.4969589620779,-0.5994084679770514,-59.94084679770514,-0.06988278538774326,-0.06339817932625136,-0.06962265883655591,-0.06861552534148196,-0.06052753491923699
D1,hidden_uv_mae,EXPLORATORY_SUPPORT_SENSITIVITY_NO_NEW_TEST,50,F1-MAE-ATTRIBUTION::D1::full_vs_b_lite_ft,b_lite_ft,D1-I016,8,-0.05029972083142677,-12.826428812013825,-0.4544764742933058,-45.44764742933058,-0.053534282483196916,-0.04946366205819154,-0.053358006980754664,-0.04178494444856072,-0.05029972083142677
D1,hidden_uv_mae,EXPLORATORY_SUPPORT_SENSITIVITY_NO_NEW_TEST,50,F1-MAE-ATTRIBUTION::D1::full_vs_b_lite_ft,b_lite_ft,D1-I017,3,-0.01036259713566004,-2.64246226959331,-0.051449091170085344,-5.144909117008535,-0.0018828321635509515,-0.01036259713566004,-0.02866332538501179,-0.02943681018671604,0.001493631019478775
D1,hidden_uv_mae,EXPLORATORY_SUPPORT_SENSITIVITY_NO_NEW_TEST,50,F1-MAE-ATTRIBUTION::D1::full_vs_b_lite_ft,b_lite_ft,D1-I018,4,-0.048673261123060696,-12.411681586380478,-0.39190773135428075,-39.190773135428074,-0.048673261123060696,-0.0374661478610637,-0.043793377881786555,-0.051243877004141944,-0.04943134257441444
D1,hidden_uv_mae,EXPLORATORY_SUPPORT_SENSITIVITY_NO_NEW_TEST,50,F1-MAE-ATTRIBUTION::D1::full_vs_b_lite_ft,b_lite_ft,D1-I019,6,-0.04089442581676855,-10.42807858327598,-0.4075994379832709,-40.75994379832709,-0.04294932685250739,-0.030913890229319452,-0.033748749309992845,-0.04207292052244249,-0.04089442581676855
D1,hidden_uv_mae,EXPLORATORY_SUPPORT_SENSITIVITY_NO_NEW_TEST,50,F1-MAE-ATTRIBUTION::D1::full_vs_b_lite_ft,b_lite_ft,D1-I020,6,-0.03043793454160995,-7.761673308110537,-0.31026471772938186,-31.026471772938187,-0.03043793454160995,-0.04752067065993141,-0.029047510728231356,-0.02088183479604598,-0.030810060156014306
D1,hidden_uv_mae,EXPLORATORY_SUPPORT_SENSITIVITY_NO_NEW_TEST,50,F2-MAE-PUBLIC::D1::full_vs_freeuv_conserved,freeuv_conserved,D1-I001,7,-0.026068989870448922,-6.647592416964475,-0.26341048159491887,-26.341048159491887,-0.026068989870448922,-0.030049569026483758,-0.02278935879023157,-0.03424102056803356,-0.015684408143283868
D1,hidden_uv_mae,EXPLORATORY_SUPPORT_SENSITIVITY_NO_NEW_TEST,50,F2-MAE-PUBLIC::D1::full_vs_freeuv_conserved,freeuv_conserved,D1-I002,4,0.021583664887384835,5.503834546283133,0.12376827947372823,12.376827947372822,0.016756177185348983,0.02414228804102131,0.02655787754072797,0.01486836592362864,0.021583664887384835
D1,hidden_uv_mae,EXPLORATORY_SUPPORT_SENSITIVITY_NO_NEW_TEST,50,F2-MAE-PUBLIC::D1::full_vs_freeuv_conserved,freeuv_conserved,D1-I003,4,-0.03895426106341199,-9.933336571170058,-0.20017480709546154,-20.017480709546152,-0.03433055972062496,-0.034823406450772545,-0.04075852010012371,-0.04343550558144858,-0.03895426106341199
D1,hidden_uv_mae,EXPLORATORY_SUPPORT_SENSITIVITY_NO_NEW_TEST,50,F2-MAE-PUBLIC::D1::full_vs_freeuv_conserved,freeuv_conserved,D1-I004,6,-0.006194350836624445,-1.5795594633392334,-0.0492775203811814,-4.92775203811814,-0.004067573205983839,-0.006194350836624445,-0.011672612726520218,-0.0071177728416272346,0.005078986340780585
D1,hidden_uv_mae,EXPLORATORY_SUPPORT_SENSITIVITY_NO_NEW_TEST,50,F2-MAE-PUBLIC::D1::full_vs_freeuv_conserved,freeuv_conserved,D1-I005,7,-0.011661229468882081,-2.9736135145649305,-0.10220642549598953,-10.220642549598953,-0.011622496375222072,-0.015625882376867545,-0.011661229468882081,-0.016936489978675237,-0.008945067970386092
D1,hidden_uv_mae,EXPLORATORY_SUPPORT_SENSITIVITY_NO_NEW_TEST,50,F2-MAE-PUBLIC::D1::full_vs_freeuv_conserved,freeuv_conserved,D1-I006,7,0.0695100474698716,17.72506210481726,0.3205430426766136,32.05430426766136,0.0695100474698716,0.07581362481092146,0.058768549133615816,0.0686226555690383,0.07138626578162952
D1,hidden_uv_mae,EXPLORATORY_SUPPORT_SENSITIVITY_NO_NEW_TEST,50,F2-MAE-PUBLIC::D1::full_vs_freeuv_conserved,freeuv_conserved,D1-I007,4,0.03335359387303309,8.505166437623439,0.16907823959175086,16.907823959175087,0.027935669641595703,0.02750263162201544,0.0522093515330162,0.03335359387303309,0.033612042381300944
D1,hidden_uv_mae,EXPLORATORY_SUPPORT_SENSITIVITY_NO_NEW_TEST,50,F2-MAE-PUBLIC::D1::full_vs_freeuv_conserved,freeuv_conserved,D1-I008,4,0.02763834793896469,7.047778724435997,0.12484956792300408,12.484956792300409,0.02763834793896469,0.037400176693409365,0.023041348321375985,0.027166685076563904,0.030016224521932283
D1,hidden_uv_mae,EXPLORATORY_SUPPORT_SENSITIVITY_NO_NEW_TEST,50,F2-MAE-PUBLIC::D1::full_vs_freeuv_conserved,freeuv_conserved,D1-I009,3,0.0028144221054854646,0.7176776368987935,0.01792898514496075,1.792898514496075,0.007350550899902969,-0.002859608199123953,0.0028144221054854646,-0.00493336122198601,0.004403389048318329
D1,hidden_uv_mae,EXPLORATORY_SUPPORT_SENSITIVITY_NO_NEW_TEST,50,F2-MAE-PUBLIC::D1::full_vs_freeuv_conserved,freeuv_conserved,D1-I010,6,0.01529843779192297,3.901101636940357,0.10318070999373857,10.318070999373857,0.014399207012988843,0.01529843779192297,0.022187286655076993,0.018989789527063997,0.011429671908054703
D1,hidden_uv_mae,EXPLORATORY_SUPPORT_SENSITIVITY_NO_NEW_TEST,50,F2-MAE-PUBLIC::D1::full_vs_freeuv_conserved,freeuv_conserved,D1-I011,5,0.0034291026988280127,0.8744211882011432,0.017029804520983374,1.7029804520983374,0.0034291026988280127,0.01078652649901915,0.0011233465377500362,0.0056766016778652395,0.0029151457841344874
D1,hidden_uv_mae,EXPLORATORY_SUPPORT_SENSITIVITY_NO_NEW_TEST,50,F2-MAE-PUBLIC::D1::full_vs_freeuv_conserved,freeuv_conserved,D1-I012,3,-0.002581521403044462,-0.6582879577763379,-0.016102415871375605,-1.6102415871375606,-0.002581521403044462,-0.008538963738828897,-0.009691817135634745,0.005780901096648361,0.0001658361941350439
D1,hidden_uv_mae,EXPLORATORY_SUPPORT_SENSITIVITY_NO_NEW_TEST,50,F2-MAE-PUBLIC::D1::full_vs_freeuv_conserved,freeuv_conserved,D1-I013,1,0.004190376911980986,1.0685461125551514,0.018385376245362642,1.8385376245362641,0.010155073064578413,0.01477998352617535,0.0027554562856626497,-0.010698056779801846,0.004190376911980986
D1,hidden_uv_mae,EXPLORATORY_SUPPORT_SENSITIVITY_NO_NEW_TEST,50,F2-MAE-PUBLIC::D1::full_vs_freeuv_conserved,freeuv_conserved,D1-I014,5,0.014450309510054701,3.684828925063949,0.11882793287493074,11.882793287493074,0.008202933454189168,0.017113110973491316,0.014450309510054701,0.018264335026410783,0.01277272802718142
D1,hidden_uv_mae,EXPLORATORY_SUPPORT_SENSITIVITY_NO_NEW_TEST,50,F2-MAE-PUBLIC::D1::full_vs_freeuv_conserved,freeuv_conserved,D1-I015,4,0.01910418553354233,4.871567311053294,0.09124776748646161,9.12477674864616,0.01521418670501648,0.021014438694614404,0.01910418553354233,0.016110950106467417,0.025076606522245817
D1,hidden_uv_mae,EXPLORATORY_SUPPORT_SENSITIVITY_NO_NEW_TEST,50,F2-MAE-PUBLIC::D1::full_vs_freeuv_conserved,freeuv_conserved,D1-I016,8,0.07479367958930083,19.07238829527171,0.3041107378203142,30.411073782031423,0.07721864908393392,0.07657953172951701,0.06535189077217793,0.07479367958930083,0.07410742264055521
D1,hidden_uv_mae,EXPLORATORY_SUPPORT_SENSITIVITY_NO_NEW_TEST,50,F2-MAE-PUBLIC::D1::full_vs_freeuv_conserved,freeuv_conserved,D1-I017,3,-0.009644152967119068,-2.4592590066153623,-0.05188460982409763,-5.1884609824097625,0.0039834429653475,-0.022069929765143492,-0.009644152967119068,-0.014138535696572502,-0.00795703628651237
D1,hidden_uv_mae,EXPLORATORY_SUPPORT_SENSITIVITY_NO_NEW_TEST,50,F2-MAE-PUBLIC::D1::full_vs_freeuv_conserved,freeuv_conserved,D1-I018,4,0.03014027826605313,7.685770957843548,0.16132531226278307,16.132531226278306,0.03202039220693641,0.02917534182924557,0.03014027826605313,0.031132465480981378,0.025069252445669626
D1,hidden_uv_mae,EXPLORATORY_SUPPORT_SENSITIVITY_NO_NEW_TEST,50,F2-MAE-PUBLIC::D1::full_vs_freeuv_conserved,freeuv_conserved,D1-I019,6,-0.023302325041196295,-5.942092885505056,-0.19192103111031322,-19.192103111031322,-0.02380773661984499,-0.0238321275074935,-0.023302325041196295,-0.01997980227275563,-0.021969522497621588
D1,hidden_uv_mae,EXPLORATORY_SUPPORT_SENSITIVITY_NO_NEW_TEST,50,F2-MAE-PUBLIC::D1::full_vs_freeuv_conserved,freeuv_conserved,D1-I020,6,-0.03050457494275615,-7.778666610402818,-0.27822852807136983,-27.822852807136982,-0.03050457494275615,-0.03421628029195021,-0.02857489962544056,-0.029911543173553268,-0.031170562490755595
