direction_index,direction,source_view,target_view,comparison_id,comparator_id,comparator_label,metric_id,effect_definition,positive_favors,pair_count,identity_count,median_identity_effect,median_identity_effect_rgb8,ci95_identity_bootstrap_low,ci95_identity_bootstrap_high,positive_identity_count,zero_identity_count,negative_identity_count,bootstrap_resamples,bootstrap_seed,analysis_status,seed_2026080447_median_identity_effect,seed_2026080448_median_identity_effect,seed_2026080449_median_identity_effect,seed_2026080450_median_identity_effect,seed_2026080451_median_identity_effect
0,V01→V02,V01,V02,full_vs_condition0,condition0,NoCond,hidden_uv_mae,comparator_minus_full,FrugalFace3D-Lite,100,100,0.0032310097416714395,0.8239074841262171,-0.0016889139572963258,0.0059832551184741956,57,0,43,10000,2026082301,EXPLORATORY_NO_SIGNIFICANCE_TEST,0.005150082799962444,0.006412672539702208,-0.0011170083172936246,-0.003915948767819963,-0.0027967100766928404
0,V01→V02,V01,V02,full_vs_b_lite_ft,b_lite_ft,B-lite 同任务微调,hidden_uv_mae,comparator_minus_full,FrugalFace3D-Lite,100,100,-0.0014906307789204765,-0.3801108486247215,-0.014006688723724986,0.022927816769089365,49,0,51,10000,2026082302,EXPLORATORY_NO_SIGNIFICANCE_TEST,-0.00614669825881721,-0.0005190038177032702,0.0019034466355224017,-0.003597239899706353,0.005273276719675271
0,V01→V02,V01,V02,full_vs_freeuv_conserved,freeuv_conserved,FreeUV（已观测纹理保持）,hidden_uv_mae,comparator_minus_full,FrugalFace3D-Lite,100,100,0.01156368439434334,2.948739520557552,0.003972283629099974,0.02149616351679845,63,0,37,10000,2026082303,EXPLORATORY_NO_SIGNIFICANCE_TEST,0.018515133435527478,0.007861420548848669,0.005691751099664674,0.01089045565595953,0.012494505460583047
1,V01→V03,V01,V03,full_vs_condition0,condition0,NoCond,hidden_uv_mae,comparator_minus_full,FrugalFace3D-Lite,100,100,-0.0016100559829392014,-0.4105642756494964,-0.004550317490910297,0.0012381321026219208,43,0,57,10000,2026082311,EXPLORATORY_NO_SIGNIFICANCE_TEST,-0.007335353106486087,0.0019676543160765947,-0.0036493080253360635,-0.0008538005770080681,-0.0033153221241117997
1,V01→V03,V01,V03,full_vs_b_lite_ft,b_lite_ft,B-lite 同任务微调,hidden_uv_mae,comparator_minus_full,FrugalFace3D-Lite,100,100,0.036596699725710335,9.332158430056136,0.02247074321799336,0.05166123329828945,71,0,29,10000,2026082312,EXPLORATORY_NO_SIGNIFICANCE_TEST,0.018392126096619492,0.03577856100892224,0.04322705024646388,0.03714823435854028,0.03803288932132688
1,V01→V03,V01,V03,full_vs_freeuv_conserved,freeuv_conserved,FreeUV（已观测纹理保持）,hidden_uv_mae,comparator_minus_full,FrugalFace3D-Lite,100,100,0.04314258357598669,11.001358811876605,0.03528988943832622,0.06516088837136824,80,0,20,10000,2026082313,EXPLORATORY_NO_SIGNIFICANCE_TEST,0.041033696889061055,0.040690473163093654,0.04971503496471076,0.05675860587692272,0.04826280041462276
2,V01→V04,V01,V04,full_vs_condition0,condition0,NoCond,hidden_uv_mae,comparator_minus_full,FrugalFace3D-Lite,100,100,0.002350484075622619,0.5993734392837679,-0.0011165535875728994,0.006166365501042936,57,0,43,10000,2026082321,EXPLORATORY_NO_SIGNIFICANCE_TEST,0.004591507083188354,0.0065749870144551845,-0.002969460408375778,0.00022548739892263442,0.0013311259696722338
2,V01→V04,V01,V04,full_vs_b_lite_ft,b_lite_ft,B-lite 同任务微调,hidden_uv_mae,comparator_minus_full,FrugalFace3D-Lite,100,100,0.0033914634484856904,0.864823179363851,-0.015079790474595262,0.014643880022327221,52,0,48,10000,2026082322,EXPLORATORY_NO_SIGNIFICANCE_TEST,-0.006963311064038025,-0.005765453273973722,0.0033120037064331975,0.004452590473795537,0.0038489443603866164
2,V01→V04,V01,V04,full_vs_freeuv_conserved,freeuv_conserved,FreeUV（已观测纹理保持）,hidden_uv_mae,comparator_minus_full,FrugalFace3D-Lite,100,100,0.014523690604433745,3.703541104130605,0.0016934571778378371,0.02278364084306217,61,0,39,10000,2026082323,EXPLORATORY_NO_SIGNIFICANCE_TEST,0.013617433629344367,0.009088180123990958,0.009462711441594225,0.010608025507682611,0.015066743142439484
3,V02→V01,V02,V01,full_vs_condition0,condition0,NoCond,hidden_uv_mae,comparator_minus_full,FrugalFace3D-Lite,100,100,-0.0031840165651001034,-0.8119242241005263,-0.006548399174654884,0.0013872869086987705,43,0,57,10000,2026082331,EXPLORATORY_NO_SIGNIFICANCE_TEST,-0.007890158661235228,-0.004093950290121537,0.005167819084233277,0.0017122724117376725,-0.006482566327408519
3,V02→V01,V02,V01,full_vs_b_lite_ft,b_lite_ft,B-lite 同任务微调,hidden_uv_mae,comparator_minus_full,FrugalFace3D-Lite,100,100,-0.0011370365068109622,-0.2899443092367954,-0.005502428486418895,0.0062295166812106895,49,0,51,10000,2026082332,EXPLORATORY_NO_SIGNIFICANCE_TEST,-0.018357762867318737,-0.0014812722850206655,0.00918952782407529,0.001519208475947359,0.00028143036377753505
3,V02→V01,V02,V01,full_vs_freeuv_conserved,freeuv_conserved,FreeUV（已观测纹理保持）,hidden_uv_mae,comparator_minus_full,FrugalFace3D-Lite,100,100,0.03060977112458456,7.805491636769062,0.015013363921011333,0.04112420588910504,70,0,30,10000,2026082333,EXPLORATORY_NO_SIGNIFICANCE_TEST,0.018258595855751736,0.03581756091339505,0.036145894309277615,0.029726443669070804,0.03247046718383302
4,V02→V03,V02,V03,full_vs_condition0,condition0,NoCond,hidden_uv_mae,comparator_minus_full,FrugalFace3D-Lite,100,100,-0.0008786823979958364,-0.22406401148893829,-0.0034713628315205802,0.0021352704082216734,47,0,53,10000,2026082341,EXPLORATORY_NO_SIGNIFICANCE_TEST,-0.008823431061719525,-0.0020140004815192986,0.005561680705750208,0.009905661483472397,-0.004930484784742839
4,V02→V03,V02,V03,full_vs_b_lite_ft,b_lite_ft,B-lite 同任务微调,hidden_uv_mae,comparator_minus_full,FrugalFace3D-Lite,100,100,0.000650900094295026,0.16597952404523164,-0.010072648122503941,0.010362581896762812,51,0,49,10000,2026082342,EXPLORATORY_NO_SIGNIFICANCE_TEST,-0.013315189561816071,0.0023813260939724856,0.004650630744697612,0.0003903254769659775,0.00020133806179165048
4,V02→V03,V02,V03,full_vs_freeuv_conserved,freeuv_conserved,FreeUV（已观测纹理保持）,hidden_uv_mae,comparator_minus_full,FrugalFace3D-Lite,100,100,0.02807004940022287,7.157862597056831,0.015091177076101317,0.04865757018209449,69,0,31,10000,2026082343,EXPLORATORY_NO_SIGNIFICANCE_TEST,0.02743538664998832,0.023215362204076953,0.036148390489128934,0.030700931064551892,0.026513273902733114
5,V02→V04,V02,V04,full_vs_condition0,condition0,NoCond,hidden_uv_mae,comparator_minus_full,FrugalFace3D-Lite,100,100,0.00011870190501210576,0.030268985778086968,-0.001764894525210059,0.004383735524283505,51,0,49,10000,2026082351,EXPLORATORY_NO_SIGNIFICANCE_TEST,-0.007411956528301095,0.0026587969617370907,0.006304202146000332,0.0026514603129399184,-0.001388551345954843
5,V02→V04,V02,V04,full_vs_b_lite_ft,b_lite_ft,B-lite 同任务微调,hidden_uv_mae,comparator_minus_full,FrugalFace3D-Lite,100,100,0.03059655908746496,7.802122567303565,0.013740889107187626,0.04461861015297475,65,0,35,10000,2026082352,EXPLORATORY_NO_SIGNIFICANCE_TEST,0.001340797822922457,0.033230327896763764,0.0346926546262947,0.03325719017562741,0.027975114343303548
5,V02→V04,V02,V04,full_vs_freeuv_conserved,freeuv_conserved,FreeUV（已观测纹理保持）,hidden_uv_mae,comparator_minus_full,FrugalFace3D-Lite,100,100,0.06454882714332956,16.459950921549037,0.050610507745571943,0.08440201139698425,83,0,17,10000,2026082353,EXPLORATORY_NO_SIGNIFICANCE_TEST,0.0583674708437739,0.06518890025715034,0.07454939350254493,0.0681758839651824,0.07254749751000693
6,V03→V01,V03,V01,full_vs_condition0,condition0,NoCond,hidden_uv_mae,comparator_minus_full,FrugalFace3D-Lite,100,100,-0.0008340972334102831,-0.2126947945196222,-0.003017299857578759,0.00244110853023206,45,0,55,10000,2026082361,EXPLORATORY_NO_SIGNIFICANCE_TEST,-0.0031600812809508966,0.0025012510337142496,0.0049030810413468115,-0.0009562268327825973,5.213862173572559e-06
6,V03→V01,V03,V01,full_vs_b_lite_ft,b_lite_ft,B-lite 同任务微调,hidden_uv_mae,comparator_minus_full,FrugalFace3D-Lite,100,100,0.013338033730785057,3.4011986013501896,0.004983099406225655,0.036837171801986784,65,0,35,10000,2026082362,EXPLORATORY_NO_SIGNIFICANCE_TEST,0.014149143670996026,0.012400263051191962,0.026029320168567613,0.02002766753124076,0.016182421093126634
6,V03→V01,V03,V01,full_vs_freeuv_conserved,freeuv_conserved,FreeUV（已观测纹理保持）,hidden_uv_mae,comparator_minus_full,FrugalFace3D-Lite,100,100,0.05142613710023655,13.113664960560321,0.04013640470342872,0.08323851476113003,74,0,26,10000,2026082363,EXPLORATORY_NO_SIGNIFICANCE_TEST,0.05122605237227522,0.05730382990764661,0.06741900617877643,0.05343001363635587,0.05180960471550816
7,V03→V02,V03,V02,full_vs_condition0,condition0,NoCond,hidden_uv_mae,comparator_minus_full,FrugalFace3D-Lite,100,100,-4.918116916072246e-05,-0.012541198135984227,-0.004511989005958242,0.003715547222963391,50,0,50,10000,2026082371,EXPLORATORY_NO_SIGNIFICANCE_TEST,-0.0016970176666675635,0.005971674489295045,0.00116412315559003,-4.821314165989049e-05,0.0006222397889178444
7,V03→V02,V03,V02,full_vs_b_lite_ft,b_lite_ft,B-lite 同任务微调,hidden_uv_mae,comparator_minus_full,FrugalFace3D-Lite,100,100,0.0005839311811054043,0.14890245118187811,-0.01277372909859377,0.02187772509124543,50,0,50,10000,2026082372,EXPLORATORY_NO_SIGNIFICANCE_TEST,-0.004182998028792316,-0.0034081277690353184,0.0022090548800390852,-0.0004535676863035576,0.004021239102310156
7,V03→V02,V03,V02,full_vs_freeuv_conserved,freeuv_conserved,FreeUV（已观测纹理保持）,hidden_uv_mae,comparator_minus_full,FrugalFace3D-Lite,100,100,0.00939295860965865,2.3952044454629555,-0.00431952407595769,0.016614403661525418,56,0,44,10000,2026082373,EXPLORATORY_NO_SIGNIFICANCE_TEST,0.009345654342131027,0.00875555645851861,0.005983792010965383,0.004837248014270247,0.006521294972096997
8,V03→V04,V03,V04,full_vs_condition0,condition0,NoCond,hidden_uv_mae,comparator_minus_full,FrugalFace3D-Lite,100,100,0.002376807081344981,0.6060858057429701,0.0010244784255822315,0.004689696721261599,62,0,38,10000,2026082381,EXPLORATORY_NO_SIGNIFICANCE_TEST,-5.207980190005679e-06,0.00601135848560419,0.002414901506980649,0.0023341161497494184,0.005262962637219204
8,V03→V04,V03,V04,full_vs_b_lite_ft,b_lite_ft,B-lite 同任务微调,hidden_uv_mae,comparator_minus_full,FrugalFace3D-Lite,100,100,0.006581139581992246,1.6781905934080226,-0.013933141043202757,0.015616105729761201,55,0,45,10000,2026082382,EXPLORATORY_NO_SIGNIFICANCE_TEST,-0.0003372238089258822,-0.008475975217058868,0.014908367156052982,0.003959364942239196,0.012605605571626988
8,V03→V04,V03,V04,full_vs_freeuv_conserved,freeuv_conserved,FreeUV（已观测纹理保持）,hidden_uv_mae,comparator_minus_full,FrugalFace3D-Lite,100,100,0.00824825038531038,2.103303848254147,-0.007907997585407639,0.020358777977526193,55,0,45,10000,2026082383,EXPLORATORY_NO_SIGNIFICANCE_TEST,0.010342473311105826,0.001954605279884003,0.0028707830282482666,0.005831408282069295,0.013634843965216234
9,V04→V01,V04,V01,full_vs_condition0,condition0,NoCond,hidden_uv_mae,comparator_minus_full,FrugalFace3D-Lite,100,100,-0.006877471261028945,-1.753755171562381,-0.010621913190556567,-0.0025416801141855128,34,0,66,10000,2026082391,EXPLORATORY_NO_SIGNIFICANCE_TEST,-0.012485793686945593,-0.006586380943348041,0.0012122675656776188,-0.002138610760109849,-0.012321253102292734
9,V04→V01,V04,V01,full_vs_b_lite_ft,b_lite_ft,B-lite 同任务微调,hidden_uv_mae,comparator_minus_full,FrugalFace3D-Lite,100,100,0.001252240183978695,0.31932124691456726,-0.006751946001141151,0.006746278397149891,56,0,44,10000,2026082392,EXPLORATORY_NO_SIGNIFICANCE_TEST,-0.013240707030112597,0.007014897946889198,0.0064338589111105765,0.0031731596663158446,-0.001914739996634815
9,V04→V01,V04,V01,full_vs_freeuv_conserved,freeuv_conserved,FreeUV（已观测纹理保持）,hidden_uv_mae,comparator_minus_full,FrugalFace3D-Lite,100,100,0.030492703205790853,7.775639317476667,0.017543346606768095,0.04460494254371185,74,0,26,10000,2026082393,EXPLORATORY_NO_SIGNIFICANCE_TEST,0.026378946161491654,0.03325000949229023,0.033640574545100124,0.029258484485947256,0.029255785733970044
10,V04→V02,V04,V02,full_vs_condition0,condition0,NoCond,hidden_uv_mae,comparator_minus_full,FrugalFace3D-Lite,100,100,-0.0039037818543049413,-0.99546437284776,-0.006478894908889005,-0.00101045829554397,39,0,61,10000,2026082401,EXPLORATORY_NO_SIGNIFICANCE_TEST,-0.008095847147088192,0.004400376931473771,-0.005289108342270907,0.0006691296189244231,-0.007381653974926655
10,V04→V02,V04,V02,full_vs_b_lite_ft,b_lite_ft,B-lite 同任务微调,hidden_uv_mae,comparator_minus_full,FrugalFace3D-Lite,100,100,0.022223342143190224,5.666952246513507,0.013357549767803262,0.03531048319268006,67,0,33,10000,2026082402,EXPLORATORY_NO_SIGNIFICANCE_TEST,0.010383071673889743,0.02659243806957884,0.0203135828183883,0.034499184036302186,0.02941201682886195
10,V04→V02,V04,V02,full_vs_freeuv_conserved,freeuv_conserved,FreeUV（已观测纹理保持）,hidden_uv_mae,comparator_minus_full,FrugalFace3D-Lite,100,100,0.07926806785881219,20.213357303997107,0.03306445939409913,0.09753232097460164,76,0,24,10000,2026082403,EXPLORATORY_NO_SIGNIFICANCE_TEST,0.06109741203148258,0.08065160981056803,0.06526150885038079,0.07898871520901043,0.06769833540362039
11,V04→V03,V04,V03,full_vs_condition0,condition0,NoCond,hidden_uv_mae,comparator_minus_full,FrugalFace3D-Lite,100,100,-0.008320993718013078,-2.121853398093335,-0.01039881537860883,-0.004719656379232912,29,0,71,10000,2026082411,EXPLORATORY_NO_SIGNIFICANCE_TEST,-0.01375169203513199,-0.003943695666225308,-0.0005080178090319937,-0.001390557447789778,-0.011446078601200269
11,V04→V03,V04,V03,full_vs_b_lite_ft,b_lite_ft,B-lite 同任务微调,hidden_uv_mae,comparator_minus_full,FrugalFace3D-Lite,100,100,0.007702252907716409,1.9640744914676842,0.0011250915648803412,0.014224381450517715,60,0,40,10000,2026082412,EXPLORATORY_NO_SIGNIFICANCE_TEST,-0.004131923534319001,0.009712210473741684,0.00874055033416618,0.005877414009828358,0.006827560137420648
11,V04→V03,V04,V03,full_vs_freeuv_conserved,freeuv_conserved,FreeUV（已观测纹理保持）,hidden_uv_mae,comparator_minus_full,FrugalFace3D-Lite,100,100,0.03073201869924863,7.836664768308401,0.020639819636860346,0.0498049428669719,75,0,25,10000,2026082413,EXPLORATORY_NO_SIGNIFICANCE_TEST,0.020057573305880316,0.03800001872082551,0.032599033144863565,0.03198842095919478,0.030697469430189597
