source_view,target_view,comparison_id,median_effect,pair_count,identity_count,effect_definition,positive_favors,median_effect_rgb8,ci95_identity_bootstrap_low,ci95_identity_bootstrap_high,positive_identity_count,zero_identity_count,negative_identity_count,analysis_status,input_csv
V01,V02,full_vs_condition0,0.0032310097416714395,100,100,comparator_minus_full,FrugalFace3D-Lite,0.8239074841262171,-0.0016889139572963258,0.0059832551184741956,57,0,43,EXPLORATORY_NO_SIGNIFICANCE_TEST,robustness/REALY_DIRECTION_EFFECT_SUMMARY.csv
V01,V02,full_vs_b_lite_ft,-0.0014906307789204765,100,100,comparator_minus_full,FrugalFace3D-Lite,-0.3801108486247215,-0.014006688723724986,0.022927816769089365,49,0,51,EXPLORATORY_NO_SIGNIFICANCE_TEST,robustness/REALY_DIRECTION_EFFECT_SUMMARY.csv
V01,V02,full_vs_freeuv_conserved,0.01156368439434334,100,100,comparator_minus_full,FrugalFace3D-Lite,2.948739520557552,0.003972283629099974,0.02149616351679845,63,0,37,EXPLORATORY_NO_SIGNIFICANCE_TEST,robustness/REALY_DIRECTION_EFFECT_SUMMARY.csv
V01,V03,full_vs_condition0,-0.0016100559829392014,100,100,comparator_minus_full,FrugalFace3D-Lite,-0.4105642756494964,-0.004550317490910297,0.0012381321026219208,43,0,57,EXPLORATORY_NO_SIGNIFICANCE_TEST,robustness/REALY_DIRECTION_EFFECT_SUMMARY.csv
V01,V03,full_vs_b_lite_ft,0.036596699725710335,100,100,comparator_minus_full,FrugalFace3D-Lite,9.332158430056136,0.02247074321799336,0.05166123329828945,71,0,29,EXPLORATORY_NO_SIGNIFICANCE_TEST,robustness/REALY_DIRECTION_EFFECT_SUMMARY.csv
V01,V03,full_vs_freeuv_conserved,0.04314258357598669,100,100,comparator_minus_full,FrugalFace3D-Lite,11.001358811876605,0.03528988943832622,0.06516088837136824,80,0,20,EXPLORATORY_NO_SIGNIFICANCE_TEST,robustness/REALY_DIRECTION_EFFECT_SUMMARY.csv
V01,V04,full_vs_condition0,0.002350484075622619,100,100,comparator_minus_full,FrugalFace3D-Lite,0.5993734392837679,-0.0011165535875728994,0.006166365501042936,57,0,43,EXPLORATORY_NO_SIGNIFICANCE_TEST,robustness/REALY_DIRECTION_EFFECT_SUMMARY.csv
V01,V04,full_vs_b_lite_ft,0.0033914634484856904,100,100,comparator_minus_full,FrugalFace3D-Lite,0.864823179363851,-0.015079790474595262,0.014643880022327221,52,0,48,EXPLORATORY_NO_SIGNIFICANCE_TEST,robustness/REALY_DIRECTION_EFFECT_SUMMARY.csv
V01,V04,full_vs_freeuv_conserved,0.014523690604433745,100,100,comparator_minus_full,FrugalFace3D-Lite,3.703541104130605,0.0016934571778378371,0.02278364084306217,61,0,39,EXPLORATORY_NO_SIGNIFICANCE_TEST,robustness/REALY_DIRECTION_EFFECT_SUMMARY.csv
V02,V01,full_vs_condition0,-0.0031840165651001034,100,100,comparator_minus_full,FrugalFace3D-Lite,-0.8119242241005263,-0.006548399174654884,0.0013872869086987705,43,0,57,EXPLORATORY_NO_SIGNIFICANCE_TEST,robustness/REALY_DIRECTION_EFFECT_SUMMARY.csv
V02,V01,full_vs_b_lite_ft,-0.0011370365068109622,100,100,comparator_minus_full,FrugalFace3D-Lite,-0.2899443092367954,-0.005502428486418895,0.0062295166812106895,49,0,51,EXPLORATORY_NO_SIGNIFICANCE_TEST,robustness/REALY_DIRECTION_EFFECT_SUMMARY.csv
V02,V01,full_vs_freeuv_conserved,0.03060977112458456,100,100,comparator_minus_full,FrugalFace3D-Lite,7.805491636769062,0.015013363921011333,0.04112420588910504,70,0,30,EXPLORATORY_NO_SIGNIFICANCE_TEST,robustness/REALY_DIRECTION_EFFECT_SUMMARY.csv
V02,V03,full_vs_condition0,-0.0008786823979958364,100,100,comparator_minus_full,FrugalFace3D-Lite,-0.22406401148893829,-0.0034713628315205802,0.0021352704082216734,47,0,53,EXPLORATORY_NO_SIGNIFICANCE_TEST,robustness/REALY_DIRECTION_EFFECT_SUMMARY.csv
V02,V03,full_vs_b_lite_ft,0.000650900094295026,100,100,comparator_minus_full,FrugalFace3D-Lite,0.16597952404523164,-0.010072648122503941,0.010362581896762812,51,0,49,EXPLORATORY_NO_SIGNIFICANCE_TEST,robustness/REALY_DIRECTION_EFFECT_SUMMARY.csv
V02,V03,full_vs_freeuv_conserved,0.02807004940022287,100,100,comparator_minus_full,FrugalFace3D-Lite,7.157862597056831,0.015091177076101317,0.04865757018209449,69,0,31,EXPLORATORY_NO_SIGNIFICANCE_TEST,robustness/REALY_DIRECTION_EFFECT_SUMMARY.csv
V02,V04,full_vs_condition0,0.00011870190501210576,100,100,comparator_minus_full,FrugalFace3D-Lite,0.030268985778086968,-0.001764894525210059,0.004383735524283505,51,0,49,EXPLORATORY_NO_SIGNIFICANCE_TEST,robustness/REALY_DIRECTION_EFFECT_SUMMARY.csv
V02,V04,full_vs_b_lite_ft,0.03059655908746496,100,100,comparator_minus_full,FrugalFace3D-Lite,7.802122567303565,0.013740889107187626,0.04461861015297475,65,0,35,EXPLORATORY_NO_SIGNIFICANCE_TEST,robustness/REALY_DIRECTION_EFFECT_SUMMARY.csv
V02,V04,full_vs_freeuv_conserved,0.06454882714332956,100,100,comparator_minus_full,FrugalFace3D-Lite,16.459950921549037,0.050610507745571943,0.08440201139698425,83,0,17,EXPLORATORY_NO_SIGNIFICANCE_TEST,robustness/REALY_DIRECTION_EFFECT_SUMMARY.csv
V03,V01,full_vs_condition0,-0.0008340972334102831,100,100,comparator_minus_full,FrugalFace3D-Lite,-0.2126947945196222,-0.003017299857578759,0.00244110853023206,45,0,55,EXPLORATORY_NO_SIGNIFICANCE_TEST,robustness/REALY_DIRECTION_EFFECT_SUMMARY.csv
V03,V01,full_vs_b_lite_ft,0.013338033730785057,100,100,comparator_minus_full,FrugalFace3D-Lite,3.4011986013501896,0.004983099406225655,0.036837171801986784,65,0,35,EXPLORATORY_NO_SIGNIFICANCE_TEST,robustness/REALY_DIRECTION_EFFECT_SUMMARY.csv
V03,V01,full_vs_freeuv_conserved,0.05142613710023655,100,100,comparator_minus_full,FrugalFace3D-Lite,13.113664960560321,0.04013640470342872,0.08323851476113003,74,0,26,EXPLORATORY_NO_SIGNIFICANCE_TEST,robustness/REALY_DIRECTION_EFFECT_SUMMARY.csv
V03,V02,full_vs_condition0,-4.918116916072246e-05,100,100,comparator_minus_full,FrugalFace3D-Lite,-0.012541198135984227,-0.004511989005958242,0.003715547222963391,50,0,50,EXPLORATORY_NO_SIGNIFICANCE_TEST,robustness/REALY_DIRECTION_EFFECT_SUMMARY.csv
V03,V02,full_vs_b_lite_ft,0.0005839311811054043,100,100,comparator_minus_full,FrugalFace3D-Lite,0.14890245118187811,-0.01277372909859377,0.02187772509124543,50,0,50,EXPLORATORY_NO_SIGNIFICANCE_TEST,robustness/REALY_DIRECTION_EFFECT_SUMMARY.csv
V03,V02,full_vs_freeuv_conserved,0.00939295860965865,100,100,comparator_minus_full,FrugalFace3D-Lite,2.3952044454629555,-0.00431952407595769,0.016614403661525418,56,0,44,EXPLORATORY_NO_SIGNIFICANCE_TEST,robustness/REALY_DIRECTION_EFFECT_SUMMARY.csv
V03,V04,full_vs_condition0,0.002376807081344981,100,100,comparator_minus_full,FrugalFace3D-Lite,0.6060858057429701,0.0010244784255822315,0.004689696721261599,62,0,38,EXPLORATORY_NO_SIGNIFICANCE_TEST,robustness/REALY_DIRECTION_EFFECT_SUMMARY.csv
V03,V04,full_vs_b_lite_ft,0.006581139581992246,100,100,comparator_minus_full,FrugalFace3D-Lite,1.6781905934080226,-0.013933141043202757,0.015616105729761201,55,0,45,EXPLORATORY_NO_SIGNIFICANCE_TEST,robustness/REALY_DIRECTION_EFFECT_SUMMARY.csv
V03,V04,full_vs_freeuv_conserved,0.00824825038531038,100,100,comparator_minus_full,FrugalFace3D-Lite,2.103303848254147,-0.007907997585407639,0.020358777977526193,55,0,45,EXPLORATORY_NO_SIGNIFICANCE_TEST,robustness/REALY_DIRECTION_EFFECT_SUMMARY.csv
V04,V01,full_vs_condition0,-0.006877471261028945,100,100,comparator_minus_full,FrugalFace3D-Lite,-1.753755171562381,-0.010621913190556567,-0.0025416801141855128,34,0,66,EXPLORATORY_NO_SIGNIFICANCE_TEST,robustness/REALY_DIRECTION_EFFECT_SUMMARY.csv
V04,V01,full_vs_b_lite_ft,0.001252240183978695,100,100,comparator_minus_full,FrugalFace3D-Lite,0.31932124691456726,-0.006751946001141151,0.006746278397149891,56,0,44,EXPLORATORY_NO_SIGNIFICANCE_TEST,robustness/REALY_DIRECTION_EFFECT_SUMMARY.csv
V04,V01,full_vs_freeuv_conserved,0.030492703205790853,100,100,comparator_minus_full,FrugalFace3D-Lite,7.775639317476667,0.017543346606768095,0.04460494254371185,74,0,26,EXPLORATORY_NO_SIGNIFICANCE_TEST,robustness/REALY_DIRECTION_EFFECT_SUMMARY.csv
V04,V02,full_vs_condition0,-0.0039037818543049413,100,100,comparator_minus_full,FrugalFace3D-Lite,-0.99546437284776,-0.006478894908889005,-0.00101045829554397,39,0,61,EXPLORATORY_NO_SIGNIFICANCE_TEST,robustness/REALY_DIRECTION_EFFECT_SUMMARY.csv
V04,V02,full_vs_b_lite_ft,0.022223342143190224,100,100,comparator_minus_full,FrugalFace3D-Lite,5.666952246513507,0.013357549767803262,0.03531048319268006,67,0,33,EXPLORATORY_NO_SIGNIFICANCE_TEST,robustness/REALY_DIRECTION_EFFECT_SUMMARY.csv
V04,V02,full_vs_freeuv_conserved,0.07926806785881219,100,100,comparator_minus_full,FrugalFace3D-Lite,20.213357303997107,0.03306445939409913,0.09753232097460164,76,0,24,EXPLORATORY_NO_SIGNIFICANCE_TEST,robustness/REALY_DIRECTION_EFFECT_SUMMARY.csv
V04,V03,full_vs_condition0,-0.008320993718013078,100,100,comparator_minus_full,FrugalFace3D-Lite,-2.121853398093335,-0.01039881537860883,-0.004719656379232912,29,0,71,EXPLORATORY_NO_SIGNIFICANCE_TEST,robustness/REALY_DIRECTION_EFFECT_SUMMARY.csv
V04,V03,full_vs_b_lite_ft,0.007702252907716409,100,100,comparator_minus_full,FrugalFace3D-Lite,1.9640744914676842,0.0011250915648803412,0.014224381450517715,60,0,40,EXPLORATORY_NO_SIGNIFICANCE_TEST,robustness/REALY_DIRECTION_EFFECT_SUMMARY.csv
V04,V03,full_vs_freeuv_conserved,0.03073201869924863,100,100,comparator_minus_full,FrugalFace3D-Lite,7.836664768308401,0.020639819636860346,0.0498049428669719,75,0,25,EXPLORATORY_NO_SIGNIFICANCE_TEST,robustness/REALY_DIRECTION_EFFECT_SUMMARY.csv
